image_id,patient_id,image_path,processed_path,width,height,format,composition_label,label_source
US_00001,,gallstones\1Gallstones\a1 (1).jpg,gallstones\1Gallstones\a1 (1).jpg,1200,900,JPEG,,
US_00002,,gallstones\1Gallstones\a1 (10).jpg,gallstones\1Gallstones\a1 (10).jpg,1200,900,JPEG,,
US_00003,,gallstones\1Gallstones\a1 (11).jpg,gallstones\1Gallstones\a1 (11).jpg,1200,900,JPEG,,
US_00004,,gallstones\1Gallstones\a1 (12).jpg,gallstones\1Gallstones\a1 (12).jpg,1200,900,JPEG,,
US_00005,,gallstones\1Gallstones\a1 (13).jpg,gallstones\1Gallstones\a1 (13).jpg,1200,900,JPEG,,
US_00006,,gallstones\1Gallstones\a1 (14).jpg,gallstones\1Gallstones\a1 (14).jpg,1200,900,JPEG,,
US_00007,,gallstones\1Gallstones\a1 (15).jpg,gallstones\1Gallstones\a1 (15).jpg,1200,900,JPEG,,
US_00008,,gallstones\1Gallstones\a1 (16).jpg,gallstones\1Gallstones\a1 (16).jpg,1200,900,JPEG,,
US_00009,,gallstones\1Gallstones\a1 (17).jpg,gallstones\1Gallstones\a1 (17).jpg,1200,900,JPEG,,
US_00010,,gallstones\1Gallstones\a1 (18).jpg,gallstones\1Gallstones\a1 (18).jpg,1200,900,JPEG,,
US_00011,,gallstones\1Gallstones\a1 (19).jpg,gallstones\1Gallstones\a1 (19).jpg,1200,900,JPEG,,
US_00012,,gallstones\1Gallstones\a1 (2).jpg,gallstones\1Gallstones\a1 (2).jpg,1200,900,JPEG,,
US_00013,,gallstones\1Gallstones\a1 (20).jpg,gallstones\1Gallstones\a1 (20).jpg,1200,900,JPEG,,
US_00014,,gallstones\1Gallstones\a1 (21).jpg,gallstones\1Gallstones\a1 (21).jpg,1200,900,JPEG,,
US_00015,,gallstones\1Gallstones\a1 (22).jpg,gallstones\1Gallstones\a1 (22).jpg,1200,900,JPEG,,
US_00016,,gallstones\1Gallstones\a1 (23).jpg,gallstones\1Gallstones\a1 (23).jpg,1200,900,JPEG,,
US_00017,,gallstones\1Gallstones\a1 (24).jpg,gallstones\1Gallstones\a1 (24).jpg,1200,900,JPEG,,
US_00018,,gallstones\1Gallstones\a1 (25).jpg,gallstones\1Gallstones\a1 (25).jpg,1200,900,JPEG,,
US_00019,,gallstones\1Gallstones\a1 (26).jpg,gallstones\1Gallstones\a1 (26).jpg,1200,900,JPEG,,
US_00020,,gallstones\1Gallstones\a1 (27).jpg,gallstones\1Gallstones\a1 (27).jpg,1200,900,JPEG,,
US_00021,,gallstones\1Gallstones\a1 (28).jpg,gallstones\1Gallstones\a1 (28).jpg,1200,900,JPEG,,
US_00022,,gallstones\1Gallstones\a1 (29).jpg,gallstones\1Gallstones\a1 (29).jpg,1200,900,JPEG,,
US_00023,,gallstones\1Gallstones\a1 (3).jpg,gallstones\1Gallstones\a1 (3).jpg,1200,900,JPEG,,
US_00024,,gallstones\1Gallstones\a1 (30).jpg,gallstones\1Gallstones\a1 (30).jpg,1200,900,JPEG,,
US_00025,,gallstones\1Gallstones\a1 (31).jpg,gallstones\1Gallstones\a1 (31).jpg,1200,900,JPEG,,
US_00026,,gallstones\1Gallstones\a1 (32).jpg,gallstones\1Gallstones\a1 (32).jpg,1200,900,JPEG,,
US_00027,,gallstones\1Gallstones\a1 (33).jpg,gallstones\1Gallstones\a1 (33).jpg,1200,900,JPEG,,
US_00028,,gallstones\1Gallstones\a1 (34).jpg,gallstones\1Gallstones\a1 (34).jpg,1200,900,JPEG,,
US_00029,,gallstones\1Gallstones\a1 (35).jpg,gallstones\1Gallstones\a1 (35).jpg,1200,900,JPEG,,
US_00030,,gallstones\1Gallstones\a1 (36).jpg,gallstones\1Gallstones\a1 (36).jpg,1200,900,JPEG,,
US_00031,,gallstones\1Gallstones\a1 (37).jpg,gallstones\1Gallstones\a1 (37).jpg,1200,900,JPEG,,
US_00032,,gallstones\1Gallstones\a1 (38).jpg,gallstones\1Gallstones\a1 (38).jpg,1200,900,JPEG,,
US_00033,,gallstones\1Gallstones\a1 (39).jpg,gallstones\1Gallstones\a1 (39).jpg,1200,900,JPEG,,
US_00034,,gallstones\1Gallstones\a1 (4).jpg,gallstones\1Gallstones\a1 (4).jpg,1200,900,JPEG,,
US_00035,,gallstones\1Gallstones\a1 (40).jpg,gallstones\1Gallstones\a1 (40).jpg,1200,900,JPEG,,
US_00036,,gallstones\1Gallstones\a1 (41).jpg,gallstones\1Gallstones\a1 (41).jpg,1200,900,JPEG,,
US_00037,,gallstones\1Gallstones\a1 (42).jpg,gallstones\1Gallstones\a1 (42).jpg,1200,900,JPEG,,
US_00038,,gallstones\1Gallstones\a1 (43).jpg,gallstones\1Gallstones\a1 (43).jpg,1200,900,JPEG,,
US_00039,,gallstones\1Gallstones\a1 (44).jpg,gallstones\1Gallstones\a1 (44).jpg,1200,900,JPEG,,
US_00040,,gallstones\1Gallstones\a1 (45).jpg,gallstones\1Gallstones\a1 (45).jpg,1200,900,JPEG,,
US_00041,,gallstones\1Gallstones\a1 (46).jpg,gallstones\1Gallstones\a1 (46).jpg,1200,900,JPEG,,
US_00042,,gallstones\1Gallstones\a1 (47).jpg,gallstones\1Gallstones\a1 (47).jpg,1200,900,JPEG,,
US_00043,,gallstones\1Gallstones\a1 (48).jpg,gallstones\1Gallstones\a1 (48).jpg,1200,900,JPEG,,
US_00044,,gallstones\1Gallstones\a1 (5).jpg,gallstones\1Gallstones\a1 (5).jpg,1200,900,JPEG,,
US_00045,,gallstones\1Gallstones\a1 (6).jpg,gallstones\1Gallstones\a1 (6).jpg,1200,900,JPEG,,
US_00046,,gallstones\1Gallstones\a1 (7).jpg,gallstones\1Gallstones\a1 (7).jpg,1200,900,JPEG,,
US_00047,,gallstones\1Gallstones\a1 (8).jpg,gallstones\1Gallstones\a1 (8).jpg,1200,900,JPEG,,
US_00048,,gallstones\1Gallstones\a1 (9).jpg,gallstones\1Gallstones\a1 (9).jpg,1200,900,JPEG,,
US_00049,,gallstones\1Gallstones\a10 (1).jpg,gallstones\1Gallstones\a10 (1).jpg,1200,900,JPEG,,
US_00050,,gallstones\1Gallstones\a10 (10).jpg,gallstones\1Gallstones\a10 (10).jpg,1200,900,JPEG,,
US_00051,,gallstones\1Gallstones\a10 (11).jpg,gallstones\1Gallstones\a10 (11).jpg,1200,900,JPEG,,
US_00052,,gallstones\1Gallstones\a10 (12).jpg,gallstones\1Gallstones\a10 (12).jpg,1200,900,JPEG,,
US_00053,,gallstones\1Gallstones\a10 (13).jpg,gallstones\1Gallstones\a10 (13).jpg,1200,900,JPEG,,
US_00054,,gallstones\1Gallstones\a10 (14).jpg,gallstones\1Gallstones\a10 (14).jpg,1200,900,JPEG,,
US_00055,,gallstones\1Gallstones\a10 (15).jpg,gallstones\1Gallstones\a10 (15).jpg,1200,900,JPEG,,
US_00056,,gallstones\1Gallstones\a10 (16).jpg,gallstones\1Gallstones\a10 (16).jpg,1200,900,JPEG,,
US_00057,,gallstones\1Gallstones\a10 (17).jpg,gallstones\1Gallstones\a10 (17).jpg,1200,900,JPEG,,
US_00058,,gallstones\1Gallstones\a10 (18).jpg,gallstones\1Gallstones\a10 (18).jpg,1200,900,JPEG,,
US_00059,,gallstones\1Gallstones\a10 (19).jpg,gallstones\1Gallstones\a10 (19).jpg,1200,900,JPEG,,
US_00060,,gallstones\1Gallstones\a10 (2).jpg,gallstones\1Gallstones\a10 (2).jpg,1200,900,JPEG,,
US_00061,,gallstones\1Gallstones\a10 (20).jpg,gallstones\1Gallstones\a10 (20).jpg,1200,900,JPEG,,
US_00062,,gallstones\1Gallstones\a10 (21).jpg,gallstones\1Gallstones\a10 (21).jpg,1200,900,JPEG,,
US_00063,,gallstones\1Gallstones\a10 (22).jpg,gallstones\1Gallstones\a10 (22).jpg,1200,900,JPEG,,
US_00064,,gallstones\1Gallstones\a10 (23).jpg,gallstones\1Gallstones\a10 (23).jpg,1200,900,JPEG,,
US_00065,,gallstones\1Gallstones\a10 (24).jpg,gallstones\1Gallstones\a10 (24).jpg,1200,900,JPEG,,
US_00066,,gallstones\1Gallstones\a10 (3).jpg,gallstones\1Gallstones\a10 (3).jpg,1200,900,JPEG,,
US_00067,,gallstones\1Gallstones\a10 (4).jpg,gallstones\1Gallstones\a10 (4).jpg,1200,900,JPEG,,
US_00068,,gallstones\1Gallstones\a10 (5).jpg,gallstones\1Gallstones\a10 (5).jpg,1200,900,JPEG,,
US_00069,,gallstones\1Gallstones\a10 (6).jpg,gallstones\1Gallstones\a10 (6).jpg,1200,900,JPEG,,
US_00070,,gallstones\1Gallstones\a10 (7).jpg,gallstones\1Gallstones\a10 (7).jpg,1200,900,JPEG,,
US_00071,,gallstones\1Gallstones\a10 (8).jpg,gallstones\1Gallstones\a10 (8).jpg,1200,900,JPEG,,
US_00072,,gallstones\1Gallstones\a10 (9).jpg,gallstones\1Gallstones\a10 (9).jpg,1200,900,JPEG,,
US_00073,,gallstones\1Gallstones\a11 (1).jpg,gallstones\1Gallstones\a11 (1).jpg,1200,900,JPEG,,
US_00074,,gallstones\1Gallstones\a11 (10).jpg,gallstones\1Gallstones\a11 (10).jpg,1200,900,JPEG,,
US_00075,,gallstones\1Gallstones\a11 (11).jpg,gallstones\1Gallstones\a11 (11).jpg,1200,900,JPEG,,
US_00076,,gallstones\1Gallstones\a11 (12).jpg,gallstones\1Gallstones\a11 (12).jpg,1200,900,JPEG,,
US_00077,,gallstones\1Gallstones\a11 (13).jpg,gallstones\1Gallstones\a11 (13).jpg,1200,900,JPEG,,
US_00078,,gallstones\1Gallstones\a11 (14).jpg,gallstones\1Gallstones\a11 (14).jpg,1200,900,JPEG,,
US_00079,,gallstones\1Gallstones\a11 (15).jpg,gallstones\1Gallstones\a11 (15).jpg,1200,900,JPEG,,
US_00080,,gallstones\1Gallstones\a11 (16).jpg,gallstones\1Gallstones\a11 (16).jpg,1200,900,JPEG,,
US_00081,,gallstones\1Gallstones\a11 (17).jpg,gallstones\1Gallstones\a11 (17).jpg,1200,900,JPEG,,
US_00082,,gallstones\1Gallstones\a11 (18).jpg,gallstones\1Gallstones\a11 (18).jpg,1200,900,JPEG,,
US_00083,,gallstones\1Gallstones\a11 (19).jpg,gallstones\1Gallstones\a11 (19).jpg,1200,900,JPEG,,
US_00084,,gallstones\1Gallstones\a11 (2).jpg,gallstones\1Gallstones\a11 (2).jpg,1200,900,JPEG,,
US_00085,,gallstones\1Gallstones\a11 (20).jpg,gallstones\1Gallstones\a11 (20).jpg,1200,900,JPEG,,
US_00086,,gallstones\1Gallstones\a11 (21).jpg,gallstones\1Gallstones\a11 (21).jpg,1200,900,JPEG,,
US_00087,,gallstones\1Gallstones\a11 (22).jpg,gallstones\1Gallstones\a11 (22).jpg,1200,900,JPEG,,
US_00088,,gallstones\1Gallstones\a11 (23).jpg,gallstones\1Gallstones\a11 (23).jpg,1200,900,JPEG,,
US_00089,,gallstones\1Gallstones\a11 (24).jpg,gallstones\1Gallstones\a11 (24).jpg,1200,900,JPEG,,
US_00090,,gallstones\1Gallstones\a11 (3).jpg,gallstones\1Gallstones\a11 (3).jpg,1200,900,JPEG,,
US_00091,,gallstones\1Gallstones\a11 (4).jpg,gallstones\1Gallstones\a11 (4).jpg,1200,900,JPEG,,
US_00092,,gallstones\1Gallstones\a11 (5).jpg,gallstones\1Gallstones\a11 (5).jpg,1200,900,JPEG,,
US_00093,,gallstones\1Gallstones\a11 (6).jpg,gallstones\1Gallstones\a11 (6).jpg,1200,900,JPEG,,
US_00094,,gallstones\1Gallstones\a11 (7).jpg,gallstones\1Gallstones\a11 (7).jpg,1200,900,JPEG,,
US_00095,,gallstones\1Gallstones\a11 (8).jpg,gallstones\1Gallstones\a11 (8).jpg,1200,900,JPEG,,
US_00096,,gallstones\1Gallstones\a11 (9).jpg,gallstones\1Gallstones\a11 (9).jpg,1200,900,JPEG,,
US_00097,,gallstones\1Gallstones\a12 (1).jpg,gallstones\1Gallstones\a12 (1).jpg,1200,900,JPEG,,
US_00098,,gallstones\1Gallstones\a12 (10).jpg,gallstones\1Gallstones\a12 (10).jpg,1200,900,JPEG,,
US_00099,,gallstones\1Gallstones\a12 (11).jpg,gallstones\1Gallstones\a12 (11).jpg,1200,900,JPEG,,
US_00100,,gallstones\1Gallstones\a12 (12).jpg,gallstones\1Gallstones\a12 (12).jpg,1200,900,JPEG,,
US_00101,,gallstones\1Gallstones\a12 (13).jpg,gallstones\1Gallstones\a12 (13).jpg,1200,900,JPEG,,
US_00102,,gallstones\1Gallstones\a12 (14).jpg,gallstones\1Gallstones\a12 (14).jpg,1200,900,JPEG,,
US_00103,,gallstones\1Gallstones\a12 (15).jpg,gallstones\1Gallstones\a12 (15).jpg,1200,900,JPEG,,
US_00104,,gallstones\1Gallstones\a12 (16).jpg,gallstones\1Gallstones\a12 (16).jpg,1200,900,JPEG,,
US_00105,,gallstones\1Gallstones\a12 (17).jpg,gallstones\1Gallstones\a12 (17).jpg,1200,900,JPEG,,
US_00106,,gallstones\1Gallstones\a12 (18).jpg,gallstones\1Gallstones\a12 (18).jpg,1200,900,JPEG,,
US_00107,,gallstones\1Gallstones\a12 (19).jpg,gallstones\1Gallstones\a12 (19).jpg,1200,900,JPEG,,
US_00108,,gallstones\1Gallstones\a12 (2).jpg,gallstones\1Gallstones\a12 (2).jpg,1200,900,JPEG,,
US_00109,,gallstones\1Gallstones\a12 (20).jpg,gallstones\1Gallstones\a12 (20).jpg,1200,900,JPEG,,
US_00110,,gallstones\1Gallstones\a12 (21).jpg,gallstones\1Gallstones\a12 (21).jpg,1200,900,JPEG,,
US_00111,,gallstones\1Gallstones\a12 (22).jpg,gallstones\1Gallstones\a12 (22).jpg,1200,900,JPEG,,
US_00112,,gallstones\1Gallstones\a12 (23).jpg,gallstones\1Gallstones\a12 (23).jpg,1200,900,JPEG,,
US_00113,,gallstones\1Gallstones\a12 (24).jpg,gallstones\1Gallstones\a12 (24).jpg,1200,900,JPEG,,
US_00114,,gallstones\1Gallstones\a12 (3).jpg,gallstones\1Gallstones\a12 (3).jpg,1200,900,JPEG,,
US_00115,,gallstones\1Gallstones\a12 (4).jpg,gallstones\1Gallstones\a12 (4).jpg,1200,900,JPEG,,
US_00116,,gallstones\1Gallstones\a12 (5).jpg,gallstones\1Gallstones\a12 (5).jpg,1200,900,JPEG,,
US_00117,,gallstones\1Gallstones\a12 (6).jpg,gallstones\1Gallstones\a12 (6).jpg,1200,900,JPEG,,
US_00118,,gallstones\1Gallstones\a12 (7).jpg,gallstones\1Gallstones\a12 (7).jpg,1200,900,JPEG,,
US_00119,,gallstones\1Gallstones\a12 (8).jpg,gallstones\1Gallstones\a12 (8).jpg,1200,900,JPEG,,
US_00120,,gallstones\1Gallstones\a12 (9).jpg,gallstones\1Gallstones\a12 (9).jpg,1200,900,JPEG,,
US_00121,,gallstones\1Gallstones\a13 (1).jpg,gallstones\1Gallstones\a13 (1).jpg,1200,900,JPEG,,
US_00122,,gallstones\1Gallstones\a13 (10).jpg,gallstones\1Gallstones\a13 (10).jpg,1200,900,JPEG,,
US_00123,,gallstones\1Gallstones\a13 (11).jpg,gallstones\1Gallstones\a13 (11).jpg,1200,900,JPEG,,
US_00124,,gallstones\1Gallstones\a13 (12).jpg,gallstones\1Gallstones\a13 (12).jpg,1200,900,JPEG,,
US_00125,,gallstones\1Gallstones\a13 (13).jpg,gallstones\1Gallstones\a13 (13).jpg,1200,900,JPEG,,
US_00126,,gallstones\1Gallstones\a13 (14).jpg,gallstones\1Gallstones\a13 (14).jpg,1200,900,JPEG,,
US_00127,,gallstones\1Gallstones\a13 (15).jpg,gallstones\1Gallstones\a13 (15).jpg,1200,900,JPEG,,
US_00128,,gallstones\1Gallstones\a13 (16).jpg,gallstones\1Gallstones\a13 (16).jpg,1200,900,JPEG,,
US_00129,,gallstones\1Gallstones\a13 (17).jpg,gallstones\1Gallstones\a13 (17).jpg,1200,900,JPEG,,
US_00130,,gallstones\1Gallstones\a13 (18).jpg,gallstones\1Gallstones\a13 (18).jpg,1200,900,JPEG,,
US_00131,,gallstones\1Gallstones\a13 (19).jpg,gallstones\1Gallstones\a13 (19).jpg,1200,900,JPEG,,
US_00132,,gallstones\1Gallstones\a13 (2).jpg,gallstones\1Gallstones\a13 (2).jpg,1200,900,JPEG,,
US_00133,,gallstones\1Gallstones\a13 (20).jpg,gallstones\1Gallstones\a13 (20).jpg,1200,900,JPEG,,
US_00134,,gallstones\1Gallstones\a13 (21).jpg,gallstones\1Gallstones\a13 (21).jpg,1200,900,JPEG,,
US_00135,,gallstones\1Gallstones\a13 (22).jpg,gallstones\1Gallstones\a13 (22).jpg,1200,900,JPEG,,
US_00136,,gallstones\1Gallstones\a13 (23).jpg,gallstones\1Gallstones\a13 (23).jpg,1200,900,JPEG,,
US_00137,,gallstones\1Gallstones\a13 (24).jpg,gallstones\1Gallstones\a13 (24).jpg,1200,900,JPEG,,
US_00138,,gallstones\1Gallstones\a13 (3).jpg,gallstones\1Gallstones\a13 (3).jpg,1200,900,JPEG,,
US_00139,,gallstones\1Gallstones\a13 (4).jpg,gallstones\1Gallstones\a13 (4).jpg,1200,900,JPEG,,
US_00140,,gallstones\1Gallstones\a13 (5).jpg,gallstones\1Gallstones\a13 (5).jpg,1200,900,JPEG,,
US_00141,,gallstones\1Gallstones\a13 (6).jpg,gallstones\1Gallstones\a13 (6).jpg,1200,900,JPEG,,
US_00142,,gallstones\1Gallstones\a13 (7).jpg,gallstones\1Gallstones\a13 (7).jpg,1200,900,JPEG,,
US_00143,,gallstones\1Gallstones\a13 (8).jpg,gallstones\1Gallstones\a13 (8).jpg,1200,900,JPEG,,
US_00144,,gallstones\1Gallstones\a13 (9).jpg,gallstones\1Gallstones\a13 (9).jpg,1200,900,JPEG,,
US_00145,,gallstones\1Gallstones\a14 (1).jpg,gallstones\1Gallstones\a14 (1).jpg,1200,900,JPEG,,
US_00146,,gallstones\1Gallstones\a14 (10).jpg,gallstones\1Gallstones\a14 (10).jpg,1200,900,JPEG,,
US_00147,,gallstones\1Gallstones\a14 (11).jpg,gallstones\1Gallstones\a14 (11).jpg,1200,900,JPEG,,
US_00148,,gallstones\1Gallstones\a14 (12).jpg,gallstones\1Gallstones\a14 (12).jpg,1200,900,JPEG,,
US_00149,,gallstones\1Gallstones\a14 (13).jpg,gallstones\1Gallstones\a14 (13).jpg,1200,900,JPEG,,
US_00150,,gallstones\1Gallstones\a14 (14).jpg,gallstones\1Gallstones\a14 (14).jpg,1200,900,JPEG,,
US_00151,,gallstones\1Gallstones\a14 (15).jpg,gallstones\1Gallstones\a14 (15).jpg,1200,900,JPEG,,
US_00152,,gallstones\1Gallstones\a14 (16).jpg,gallstones\1Gallstones\a14 (16).jpg,1200,900,JPEG,,
US_00153,,gallstones\1Gallstones\a14 (17).jpg,gallstones\1Gallstones\a14 (17).jpg,1200,900,JPEG,,
US_00154,,gallstones\1Gallstones\a14 (18).jpg,gallstones\1Gallstones\a14 (18).jpg,1200,900,JPEG,,
US_00155,,gallstones\1Gallstones\a14 (19).jpg,gallstones\1Gallstones\a14 (19).jpg,1200,900,JPEG,,
US_00156,,gallstones\1Gallstones\a14 (2).jpg,gallstones\1Gallstones\a14 (2).jpg,1200,900,JPEG,,
US_00157,,gallstones\1Gallstones\a14 (20).jpg,gallstones\1Gallstones\a14 (20).jpg,1200,900,JPEG,,
US_00158,,gallstones\1Gallstones\a14 (21).jpg,gallstones\1Gallstones\a14 (21).jpg,1200,900,JPEG,,
US_00159,,gallstones\1Gallstones\a14 (22).jpg,gallstones\1Gallstones\a14 (22).jpg,1200,900,JPEG,,
US_00160,,gallstones\1Gallstones\a14 (23).jpg,gallstones\1Gallstones\a14 (23).jpg,1200,900,JPEG,,
US_00161,,gallstones\1Gallstones\a14 (24).jpg,gallstones\1Gallstones\a14 (24).jpg,1200,900,JPEG,,
US_00162,,gallstones\1Gallstones\a14 (25).jpg,gallstones\1Gallstones\a14 (25).jpg,1200,900,JPEG,,
US_00163,,gallstones\1Gallstones\a14 (26).jpg,gallstones\1Gallstones\a14 (26).jpg,1200,900,JPEG,,
US_00164,,gallstones\1Gallstones\a14 (27).jpg,gallstones\1Gallstones\a14 (27).jpg,1200,900,JPEG,,
US_00165,,gallstones\1Gallstones\a14 (28).jpg,gallstones\1Gallstones\a14 (28).jpg,1200,900,JPEG,,
US_00166,,gallstones\1Gallstones\a14 (29).jpg,gallstones\1Gallstones\a14 (29).jpg,1200,900,JPEG,,
US_00167,,gallstones\1Gallstones\a14 (3).jpg,gallstones\1Gallstones\a14 (3).jpg,1200,900,JPEG,,
US_00168,,gallstones\1Gallstones\a14 (30).jpg,gallstones\1Gallstones\a14 (30).jpg,1200,900,JPEG,,
US_00169,,gallstones\1Gallstones\a14 (31).jpg,gallstones\1Gallstones\a14 (31).jpg,1200,900,JPEG,,
US_00170,,gallstones\1Gallstones\a14 (32).jpg,gallstones\1Gallstones\a14 (32).jpg,1200,900,JPEG,,
US_00171,,gallstones\1Gallstones\a14 (33).jpg,gallstones\1Gallstones\a14 (33).jpg,1200,900,JPEG,,
US_00172,,gallstones\1Gallstones\a14 (34).jpg,gallstones\1Gallstones\a14 (34).jpg,1200,900,JPEG,,
US_00173,,gallstones\1Gallstones\a14 (35).jpg,gallstones\1Gallstones\a14 (35).jpg,1200,900,JPEG,,
US_00174,,gallstones\1Gallstones\a14 (36).jpg,gallstones\1Gallstones\a14 (36).jpg,1200,900,JPEG,,
US_00175,,gallstones\1Gallstones\a14 (4).jpg,gallstones\1Gallstones\a14 (4).jpg,1200,900,JPEG,,
US_00176,,gallstones\1Gallstones\a14 (5).jpg,gallstones\1Gallstones\a14 (5).jpg,1200,900,JPEG,,
US_00177,,gallstones\1Gallstones\a14 (6).jpg,gallstones\1Gallstones\a14 (6).jpg,1200,900,JPEG,,
US_00178,,gallstones\1Gallstones\a14 (7).jpg,gallstones\1Gallstones\a14 (7).jpg,1200,900,JPEG,,
US_00179,,gallstones\1Gallstones\a14 (8).jpg,gallstones\1Gallstones\a14 (8).jpg,1200,900,JPEG,,
US_00180,,gallstones\1Gallstones\a14 (9).jpg,gallstones\1Gallstones\a14 (9).jpg,1200,900,JPEG,,
US_00181,,gallstones\1Gallstones\a15 (1).jpg,gallstones\1Gallstones\a15 (1).jpg,1200,900,JPEG,,
US_00182,,gallstones\1Gallstones\a15 (10).jpg,gallstones\1Gallstones\a15 (10).jpg,1200,900,JPEG,,
US_00183,,gallstones\1Gallstones\a15 (11).jpg,gallstones\1Gallstones\a15 (11).jpg,1200,900,JPEG,,
US_00184,,gallstones\1Gallstones\a15 (12).jpg,gallstones\1Gallstones\a15 (12).jpg,1200,900,JPEG,,
US_00185,,gallstones\1Gallstones\a15 (13).jpg,gallstones\1Gallstones\a15 (13).jpg,1200,900,JPEG,,
US_00186,,gallstones\1Gallstones\a15 (14).jpg,gallstones\1Gallstones\a15 (14).jpg,1200,900,JPEG,,
US_00187,,gallstones\1Gallstones\a15 (15).jpg,gallstones\1Gallstones\a15 (15).jpg,1200,900,JPEG,,
US_00188,,gallstones\1Gallstones\a15 (16).jpg,gallstones\1Gallstones\a15 (16).jpg,1200,900,JPEG,,
US_00189,,gallstones\1Gallstones\a15 (17).jpg,gallstones\1Gallstones\a15 (17).jpg,1200,900,JPEG,,
US_00190,,gallstones\1Gallstones\a15 (18).jpg,gallstones\1Gallstones\a15 (18).jpg,1200,900,JPEG,,
US_00191,,gallstones\1Gallstones\a15 (19).jpg,gallstones\1Gallstones\a15 (19).jpg,1200,900,JPEG,,
US_00192,,gallstones\1Gallstones\a15 (2).jpg,gallstones\1Gallstones\a15 (2).jpg,1200,900,JPEG,,
US_00193,,gallstones\1Gallstones\a15 (20).jpg,gallstones\1Gallstones\a15 (20).jpg,1200,900,JPEG,,
US_00194,,gallstones\1Gallstones\a15 (21).jpg,gallstones\1Gallstones\a15 (21).jpg,1200,900,JPEG,,
US_00195,,gallstones\1Gallstones\a15 (22).jpg,gallstones\1Gallstones\a15 (22).jpg,1200,900,JPEG,,
US_00196,,gallstones\1Gallstones\a15 (23).jpg,gallstones\1Gallstones\a15 (23).jpg,1200,900,JPEG,,
US_00197,,gallstones\1Gallstones\a15 (24).jpg,gallstones\1Gallstones\a15 (24).jpg,1200,900,JPEG,,
US_00198,,gallstones\1Gallstones\a15 (3).jpg,gallstones\1Gallstones\a15 (3).jpg,1200,900,JPEG,,
US_00199,,gallstones\1Gallstones\a15 (4).jpg,gallstones\1Gallstones\a15 (4).jpg,1200,900,JPEG,,
US_00200,,gallstones\1Gallstones\a15 (5).jpg,gallstones\1Gallstones\a15 (5).jpg,1200,900,JPEG,,
US_00201,,gallstones\1Gallstones\a15 (6).jpg,gallstones\1Gallstones\a15 (6).jpg,1200,900,JPEG,,
US_00202,,gallstones\1Gallstones\a15 (7).jpg,gallstones\1Gallstones\a15 (7).jpg,1200,900,JPEG,,
US_00203,,gallstones\1Gallstones\a15 (8).jpg,gallstones\1Gallstones\a15 (8).jpg,1200,900,JPEG,,
US_00204,,gallstones\1Gallstones\a15 (9).jpg,gallstones\1Gallstones\a15 (9).jpg,1200,900,JPEG,,
US_00205,,gallstones\1Gallstones\a16 (1).jpg,gallstones\1Gallstones\a16 (1).jpg,1200,900,JPEG,,
US_00206,,gallstones\1Gallstones\a16 (10).jpg,gallstones\1Gallstones\a16 (10).jpg,1200,900,JPEG,,
US_00207,,gallstones\1Gallstones\a16 (11).jpg,gallstones\1Gallstones\a16 (11).jpg,1200,900,JPEG,,
US_00208,,gallstones\1Gallstones\a16 (12).jpg,gallstones\1Gallstones\a16 (12).jpg,1200,900,JPEG,,
US_00209,,gallstones\1Gallstones\a16 (13).jpg,gallstones\1Gallstones\a16 (13).jpg,1200,900,JPEG,,
US_00210,,gallstones\1Gallstones\a16 (14).jpg,gallstones\1Gallstones\a16 (14).jpg,1200,900,JPEG,,
US_00211,,gallstones\1Gallstones\a16 (15).jpg,gallstones\1Gallstones\a16 (15).jpg,1200,900,JPEG,,
US_00212,,gallstones\1Gallstones\a16 (16).jpg,gallstones\1Gallstones\a16 (16).jpg,1200,900,JPEG,,
US_00213,,gallstones\1Gallstones\a16 (17).jpg,gallstones\1Gallstones\a16 (17).jpg,1200,900,JPEG,,
US_00214,,gallstones\1Gallstones\a16 (18).jpg,gallstones\1Gallstones\a16 (18).jpg,1200,900,JPEG,,
US_00215,,gallstones\1Gallstones\a16 (19).jpg,gallstones\1Gallstones\a16 (19).jpg,1200,900,JPEG,,
US_00216,,gallstones\1Gallstones\a16 (2).jpg,gallstones\1Gallstones\a16 (2).jpg,1200,900,JPEG,,
US_00217,,gallstones\1Gallstones\a16 (20).jpg,gallstones\1Gallstones\a16 (20).jpg,1200,900,JPEG,,
US_00218,,gallstones\1Gallstones\a16 (21).jpg,gallstones\1Gallstones\a16 (21).jpg,1200,900,JPEG,,
US_00219,,gallstones\1Gallstones\a16 (22).jpg,gallstones\1Gallstones\a16 (22).jpg,1200,900,JPEG,,
US_00220,,gallstones\1Gallstones\a16 (23).jpg,gallstones\1Gallstones\a16 (23).jpg,1200,900,JPEG,,
US_00221,,gallstones\1Gallstones\a16 (24).jpg,gallstones\1Gallstones\a16 (24).jpg,1200,900,JPEG,,
US_00222,,gallstones\1Gallstones\a16 (3).jpg,gallstones\1Gallstones\a16 (3).jpg,1200,900,JPEG,,
US_00223,,gallstones\1Gallstones\a16 (4).jpg,gallstones\1Gallstones\a16 (4).jpg,1200,900,JPEG,,
US_00224,,gallstones\1Gallstones\a16 (5).jpg,gallstones\1Gallstones\a16 (5).jpg,1200,900,JPEG,,
US_00225,,gallstones\1Gallstones\a16 (6).jpg,gallstones\1Gallstones\a16 (6).jpg,1200,900,JPEG,,
US_00226,,gallstones\1Gallstones\a16 (7).jpg,gallstones\1Gallstones\a16 (7).jpg,1200,900,JPEG,,
US_00227,,gallstones\1Gallstones\a16 (8).jpg,gallstones\1Gallstones\a16 (8).jpg,1200,900,JPEG,,
US_00228,,gallstones\1Gallstones\a16 (9).jpg,gallstones\1Gallstones\a16 (9).jpg,1200,900,JPEG,,
US_00229,,gallstones\1Gallstones\a17 (1).jpg,gallstones\1Gallstones\a17 (1).jpg,1200,900,JPEG,,
US_00230,,gallstones\1Gallstones\a17 (10).jpg,gallstones\1Gallstones\a17 (10).jpg,1200,900,JPEG,,
US_00231,,gallstones\1Gallstones\a17 (11).jpg,gallstones\1Gallstones\a17 (11).jpg,1200,900,JPEG,,
US_00232,,gallstones\1Gallstones\a17 (12).jpg,gallstones\1Gallstones\a17 (12).jpg,1200,900,JPEG,,
US_00233,,gallstones\1Gallstones\a17 (13).jpg,gallstones\1Gallstones\a17 (13).jpg,1200,900,JPEG,,
US_00234,,gallstones\1Gallstones\a17 (14).jpg,gallstones\1Gallstones\a17 (14).jpg,1200,900,JPEG,,
US_00235,,gallstones\1Gallstones\a17 (15).jpg,gallstones\1Gallstones\a17 (15).jpg,1200,900,JPEG,,
US_00236,,gallstones\1Gallstones\a17 (16).jpg,gallstones\1Gallstones\a17 (16).jpg,1200,900,JPEG,,
US_00237,,gallstones\1Gallstones\a17 (17).jpg,gallstones\1Gallstones\a17 (17).jpg,1200,900,JPEG,,
US_00238,,gallstones\1Gallstones\a17 (18).jpg,gallstones\1Gallstones\a17 (18).jpg,1200,900,JPEG,,
US_00239,,gallstones\1Gallstones\a17 (19).jpg,gallstones\1Gallstones\a17 (19).jpg,1200,900,JPEG,,
US_00240,,gallstones\1Gallstones\a17 (2).jpg,gallstones\1Gallstones\a17 (2).jpg,1200,900,JPEG,,
US_00241,,gallstones\1Gallstones\a17 (20).jpg,gallstones\1Gallstones\a17 (20).jpg,1200,900,JPEG,,
US_00242,,gallstones\1Gallstones\a17 (21).jpg,gallstones\1Gallstones\a17 (21).jpg,1200,900,JPEG,,
US_00243,,gallstones\1Gallstones\a17 (22).jpg,gallstones\1Gallstones\a17 (22).jpg,1200,900,JPEG,,
US_00244,,gallstones\1Gallstones\a17 (23).jpg,gallstones\1Gallstones\a17 (23).jpg,1200,900,JPEG,,
US_00245,,gallstones\1Gallstones\a17 (24).jpg,gallstones\1Gallstones\a17 (24).jpg,1200,900,JPEG,,
US_00246,,gallstones\1Gallstones\a17 (3).jpg,gallstones\1Gallstones\a17 (3).jpg,1200,900,JPEG,,
US_00247,,gallstones\1Gallstones\a17 (4).jpg,gallstones\1Gallstones\a17 (4).jpg,1200,900,JPEG,,
US_00248,,gallstones\1Gallstones\a17 (5).jpg,gallstones\1Gallstones\a17 (5).jpg,1200,900,JPEG,,
US_00249,,gallstones\1Gallstones\a17 (6).jpg,gallstones\1Gallstones\a17 (6).jpg,1200,900,JPEG,,
US_00250,,gallstones\1Gallstones\a17 (7).jpg,gallstones\1Gallstones\a17 (7).jpg,1200,900,JPEG,,
US_00251,,gallstones\1Gallstones\a17 (8).jpg,gallstones\1Gallstones\a17 (8).jpg,1200,900,JPEG,,
US_00252,,gallstones\1Gallstones\a17 (9).jpg,gallstones\1Gallstones\a17 (9).jpg,1200,900,JPEG,,
US_00253,,gallstones\1Gallstones\a18 (1).jpg,gallstones\1Gallstones\a18 (1).jpg,1200,900,JPEG,,
US_00254,,gallstones\1Gallstones\a18 (10).jpg,gallstones\1Gallstones\a18 (10).jpg,1200,900,JPEG,,
US_00255,,gallstones\1Gallstones\a18 (11).jpg,gallstones\1Gallstones\a18 (11).jpg,1200,900,JPEG,,
US_00256,,gallstones\1Gallstones\a18 (12).jpg,gallstones\1Gallstones\a18 (12).jpg,1200,900,JPEG,,
US_00257,,gallstones\1Gallstones\a18 (13).jpg,gallstones\1Gallstones\a18 (13).jpg,1200,900,JPEG,,
US_00258,,gallstones\1Gallstones\a18 (14).jpg,gallstones\1Gallstones\a18 (14).jpg,1200,900,JPEG,,
US_00259,,gallstones\1Gallstones\a18 (15).jpg,gallstones\1Gallstones\a18 (15).jpg,1200,900,JPEG,,
US_00260,,gallstones\1Gallstones\a18 (16).jpg,gallstones\1Gallstones\a18 (16).jpg,1200,900,JPEG,,
US_00261,,gallstones\1Gallstones\a18 (17).jpg,gallstones\1Gallstones\a18 (17).jpg,1200,900,JPEG,,
US_00262,,gallstones\1Gallstones\a18 (18).jpg,gallstones\1Gallstones\a18 (18).jpg,1200,900,JPEG,,
US_00263,,gallstones\1Gallstones\a18 (19).jpg,gallstones\1Gallstones\a18 (19).jpg,1200,900,JPEG,,
US_00264,,gallstones\1Gallstones\a18 (2).jpg,gallstones\1Gallstones\a18 (2).jpg,1200,900,JPEG,,
US_00265,,gallstones\1Gallstones\a18 (20).jpg,gallstones\1Gallstones\a18 (20).jpg,1200,900,JPEG,,
US_00266,,gallstones\1Gallstones\a18 (21).jpg,gallstones\1Gallstones\a18 (21).jpg,1200,900,JPEG,,
US_00267,,gallstones\1Gallstones\a18 (22).jpg,gallstones\1Gallstones\a18 (22).jpg,1200,900,JPEG,,
US_00268,,gallstones\1Gallstones\a18 (23).jpg,gallstones\1Gallstones\a18 (23).jpg,1200,900,JPEG,,
US_00269,,gallstones\1Gallstones\a18 (24).jpg,gallstones\1Gallstones\a18 (24).jpg,1200,900,JPEG,,
US_00270,,gallstones\1Gallstones\a18 (25).jpg,gallstones\1Gallstones\a18 (25).jpg,1200,900,JPEG,,
US_00271,,gallstones\1Gallstones\a18 (26).jpg,gallstones\1Gallstones\a18 (26).jpg,1200,900,JPEG,,
US_00272,,gallstones\1Gallstones\a18 (27).jpg,gallstones\1Gallstones\a18 (27).jpg,1200,900,JPEG,,
US_00273,,gallstones\1Gallstones\a18 (28).jpg,gallstones\1Gallstones\a18 (28).jpg,1200,900,JPEG,,
US_00274,,gallstones\1Gallstones\a18 (29).jpg,gallstones\1Gallstones\a18 (29).jpg,1200,900,JPEG,,
US_00275,,gallstones\1Gallstones\a18 (3).jpg,gallstones\1Gallstones\a18 (3).jpg,1200,900,JPEG,,
US_00276,,gallstones\1Gallstones\a18 (30).jpg,gallstones\1Gallstones\a18 (30).jpg,1200,900,JPEG,,
US_00277,,gallstones\1Gallstones\a18 (31).jpg,gallstones\1Gallstones\a18 (31).jpg,1200,900,JPEG,,
US_00278,,gallstones\1Gallstones\a18 (32).jpg,gallstones\1Gallstones\a18 (32).jpg,1200,900,JPEG,,
US_00279,,gallstones\1Gallstones\a18 (33).jpg,gallstones\1Gallstones\a18 (33).jpg,1200,900,JPEG,,
US_00280,,gallstones\1Gallstones\a18 (34).jpg,gallstones\1Gallstones\a18 (34).jpg,1200,900,JPEG,,
US_00281,,gallstones\1Gallstones\a18 (35).jpg,gallstones\1Gallstones\a18 (35).jpg,1200,900,JPEG,,
US_00282,,gallstones\1Gallstones\a18 (36).jpg,gallstones\1Gallstones\a18 (36).jpg,1200,900,JPEG,,
US_00283,,gallstones\1Gallstones\a18 (37).jpg,gallstones\1Gallstones\a18 (37).jpg,1200,900,JPEG,,
US_00284,,gallstones\1Gallstones\a18 (38).jpg,gallstones\1Gallstones\a18 (38).jpg,1200,900,JPEG,,
US_00285,,gallstones\1Gallstones\a18 (39).jpg,gallstones\1Gallstones\a18 (39).jpg,1200,900,JPEG,,
US_00286,,gallstones\1Gallstones\a18 (4).jpg,gallstones\1Gallstones\a18 (4).jpg,1200,900,JPEG,,
US_00287,,gallstones\1Gallstones\a18 (40).jpg,gallstones\1Gallstones\a18 (40).jpg,1200,900,JPEG,,
US_00288,,gallstones\1Gallstones\a18 (41).jpg,gallstones\1Gallstones\a18 (41).jpg,1200,900,JPEG,,
US_00289,,gallstones\1Gallstones\a18 (42).jpg,gallstones\1Gallstones\a18 (42).jpg,1200,900,JPEG,,
US_00290,,gallstones\1Gallstones\a18 (43).jpg,gallstones\1Gallstones\a18 (43).jpg,1200,900,JPEG,,
US_00291,,gallstones\1Gallstones\a18 (44).jpg,gallstones\1Gallstones\a18 (44).jpg,1200,900,JPEG,,
US_00292,,gallstones\1Gallstones\a18 (45).jpg,gallstones\1Gallstones\a18 (45).jpg,1200,900,JPEG,,
US_00293,,gallstones\1Gallstones\a18 (46).jpg,gallstones\1Gallstones\a18 (46).jpg,1200,900,JPEG,,
US_00294,,gallstones\1Gallstones\a18 (47).jpg,gallstones\1Gallstones\a18 (47).jpg,1200,900,JPEG,,
US_00295,,gallstones\1Gallstones\a18 (48).jpg,gallstones\1Gallstones\a18 (48).jpg,1200,900,JPEG,,
US_00296,,gallstones\1Gallstones\a18 (5).jpg,gallstones\1Gallstones\a18 (5).jpg,1200,900,JPEG,,
US_00297,,gallstones\1Gallstones\a18 (6).jpg,gallstones\1Gallstones\a18 (6).jpg,1200,900,JPEG,,
US_00298,,gallstones\1Gallstones\a18 (7).jpg,gallstones\1Gallstones\a18 (7).jpg,1200,900,JPEG,,
US_00299,,gallstones\1Gallstones\a18 (8).jpg,gallstones\1Gallstones\a18 (8).jpg,1200,900,JPEG,,
US_00300,,gallstones\1Gallstones\a18 (9).jpg,gallstones\1Gallstones\a18 (9).jpg,1200,900,JPEG,,
US_00301,,gallstones\1Gallstones\a19 (1).jpg,gallstones\1Gallstones\a19 (1).jpg,1200,900,JPEG,,
US_00302,,gallstones\1Gallstones\a19 (10).jpg,gallstones\1Gallstones\a19 (10).jpg,1200,900,JPEG,,
US_00303,,gallstones\1Gallstones\a19 (11).jpg,gallstones\1Gallstones\a19 (11).jpg,1200,900,JPEG,,
US_00304,,gallstones\1Gallstones\a19 (12).jpg,gallstones\1Gallstones\a19 (12).jpg,1200,900,JPEG,,
US_00305,,gallstones\1Gallstones\a19 (13).jpg,gallstones\1Gallstones\a19 (13).jpg,1200,900,JPEG,,
US_00306,,gallstones\1Gallstones\a19 (14).jpg,gallstones\1Gallstones\a19 (14).jpg,1200,900,JPEG,,
US_00307,,gallstones\1Gallstones\a19 (15).jpg,gallstones\1Gallstones\a19 (15).jpg,1200,900,JPEG,,
US_00308,,gallstones\1Gallstones\a19 (16).jpg,gallstones\1Gallstones\a19 (16).jpg,1200,900,JPEG,,
US_00309,,gallstones\1Gallstones\a19 (17).jpg,gallstones\1Gallstones\a19 (17).jpg,1200,900,JPEG,,
US_00310,,gallstones\1Gallstones\a19 (18).jpg,gallstones\1Gallstones\a19 (18).jpg,1200,900,JPEG,,
US_00311,,gallstones\1Gallstones\a19 (19).jpg,gallstones\1Gallstones\a19 (19).jpg,1200,900,JPEG,,
US_00312,,gallstones\1Gallstones\a19 (2).jpg,gallstones\1Gallstones\a19 (2).jpg,1200,900,JPEG,,
US_00313,,gallstones\1Gallstones\a19 (20).jpg,gallstones\1Gallstones\a19 (20).jpg,1200,900,JPEG,,
US_00314,,gallstones\1Gallstones\a19 (21).jpg,gallstones\1Gallstones\a19 (21).jpg,1200,900,JPEG,,
US_00315,,gallstones\1Gallstones\a19 (22).jpg,gallstones\1Gallstones\a19 (22).jpg,1200,900,JPEG,,
US_00316,,gallstones\1Gallstones\a19 (23).jpg,gallstones\1Gallstones\a19 (23).jpg,1200,900,JPEG,,
US_00317,,gallstones\1Gallstones\a19 (24).jpg,gallstones\1Gallstones\a19 (24).jpg,1200,900,JPEG,,
US_00318,,gallstones\1Gallstones\a19 (25).jpg,gallstones\1Gallstones\a19 (25).jpg,1200,900,JPEG,,
US_00319,,gallstones\1Gallstones\a19 (26).jpg,gallstones\1Gallstones\a19 (26).jpg,1200,900,JPEG,,
US_00320,,gallstones\1Gallstones\a19 (27).jpg,gallstones\1Gallstones\a19 (27).jpg,1200,900,JPEG,,
US_00321,,gallstones\1Gallstones\a19 (28).jpg,gallstones\1Gallstones\a19 (28).jpg,1200,900,JPEG,,
US_00322,,gallstones\1Gallstones\a19 (29).jpg,gallstones\1Gallstones\a19 (29).jpg,1200,900,JPEG,,
US_00323,,gallstones\1Gallstones\a19 (3).jpg,gallstones\1Gallstones\a19 (3).jpg,1200,900,JPEG,,
US_00324,,gallstones\1Gallstones\a19 (30).jpg,gallstones\1Gallstones\a19 (30).jpg,1200,900,JPEG,,
US_00325,,gallstones\1Gallstones\a19 (31).jpg,gallstones\1Gallstones\a19 (31).jpg,1200,900,JPEG,,
US_00326,,gallstones\1Gallstones\a19 (32).jpg,gallstones\1Gallstones\a19 (32).jpg,1200,900,JPEG,,
US_00327,,gallstones\1Gallstones\a19 (33).jpg,gallstones\1Gallstones\a19 (33).jpg,1200,900,JPEG,,
US_00328,,gallstones\1Gallstones\a19 (34).jpg,gallstones\1Gallstones\a19 (34).jpg,1200,900,JPEG,,
US_00329,,gallstones\1Gallstones\a19 (35).jpg,gallstones\1Gallstones\a19 (35).jpg,1200,900,JPEG,,
US_00330,,gallstones\1Gallstones\a19 (36).jpg,gallstones\1Gallstones\a19 (36).jpg,1200,900,JPEG,,
US_00331,,gallstones\1Gallstones\a19 (37).jpg,gallstones\1Gallstones\a19 (37).jpg,1200,900,JPEG,,
US_00332,,gallstones\1Gallstones\a19 (38).jpg,gallstones\1Gallstones\a19 (38).jpg,1200,900,JPEG,,
US_00333,,gallstones\1Gallstones\a19 (39).jpg,gallstones\1Gallstones\a19 (39).jpg,1200,900,JPEG,,
US_00334,,gallstones\1Gallstones\a19 (4).jpg,gallstones\1Gallstones\a19 (4).jpg,1200,900,JPEG,,
US_00335,,gallstones\1Gallstones\a19 (40).jpg,gallstones\1Gallstones\a19 (40).jpg,1200,900,JPEG,,
US_00336,,gallstones\1Gallstones\a19 (41).jpg,gallstones\1Gallstones\a19 (41).jpg,1200,900,JPEG,,
US_00337,,gallstones\1Gallstones\a19 (42).jpg,gallstones\1Gallstones\a19 (42).jpg,1200,900,JPEG,,
US_00338,,gallstones\1Gallstones\a19 (43).jpg,gallstones\1Gallstones\a19 (43).jpg,1200,900,JPEG,,
US_00339,,gallstones\1Gallstones\a19 (44).jpg,gallstones\1Gallstones\a19 (44).jpg,1200,900,JPEG,,
US_00340,,gallstones\1Gallstones\a19 (45).jpg,gallstones\1Gallstones\a19 (45).jpg,1200,900,JPEG,,
US_00341,,gallstones\1Gallstones\a19 (46).jpg,gallstones\1Gallstones\a19 (46).jpg,1200,900,JPEG,,
US_00342,,gallstones\1Gallstones\a19 (47).jpg,gallstones\1Gallstones\a19 (47).jpg,1200,900,JPEG,,
US_00343,,gallstones\1Gallstones\a19 (48).jpg,gallstones\1Gallstones\a19 (48).jpg,1200,900,JPEG,,
US_00344,,gallstones\1Gallstones\a19 (5).jpg,gallstones\1Gallstones\a19 (5).jpg,1200,900,JPEG,,
US_00345,,gallstones\1Gallstones\a19 (6).jpg,gallstones\1Gallstones\a19 (6).jpg,1200,900,JPEG,,
US_00346,,gallstones\1Gallstones\a19 (7).jpg,gallstones\1Gallstones\a19 (7).jpg,1200,900,JPEG,,
US_00347,,gallstones\1Gallstones\a19 (8).jpg,gallstones\1Gallstones\a19 (8).jpg,1200,900,JPEG,,
US_00348,,gallstones\1Gallstones\a19 (9).jpg,gallstones\1Gallstones\a19 (9).jpg,1200,900,JPEG,,
US_00349,,gallstones\1Gallstones\a2 (1).jpg,gallstones\1Gallstones\a2 (1).jpg,1200,900,JPEG,,
US_00350,,gallstones\1Gallstones\a2 (10).jpg,gallstones\1Gallstones\a2 (10).jpg,1200,900,JPEG,,
US_00351,,gallstones\1Gallstones\a2 (11).jpg,gallstones\1Gallstones\a2 (11).jpg,1200,900,JPEG,,
US_00352,,gallstones\1Gallstones\a2 (12).jpg,gallstones\1Gallstones\a2 (12).jpg,1200,900,JPEG,,
US_00353,,gallstones\1Gallstones\a2 (13).jpg,gallstones\1Gallstones\a2 (13).jpg,1200,900,JPEG,,
US_00354,,gallstones\1Gallstones\a2 (14).jpg,gallstones\1Gallstones\a2 (14).jpg,1200,900,JPEG,,
US_00355,,gallstones\1Gallstones\a2 (15).jpg,gallstones\1Gallstones\a2 (15).jpg,1200,900,JPEG,,
US_00356,,gallstones\1Gallstones\a2 (16).jpg,gallstones\1Gallstones\a2 (16).jpg,1200,900,JPEG,,
US_00357,,gallstones\1Gallstones\a2 (17).jpg,gallstones\1Gallstones\a2 (17).jpg,1200,900,JPEG,,
US_00358,,gallstones\1Gallstones\a2 (18).jpg,gallstones\1Gallstones\a2 (18).jpg,1200,900,JPEG,,
US_00359,,gallstones\1Gallstones\a2 (19).jpg,gallstones\1Gallstones\a2 (19).jpg,1200,900,JPEG,,
US_00360,,gallstones\1Gallstones\a2 (2).jpg,gallstones\1Gallstones\a2 (2).jpg,1200,900,JPEG,,
US_00361,,gallstones\1Gallstones\a2 (20).jpg,gallstones\1Gallstones\a2 (20).jpg,1200,900,JPEG,,
US_00362,,gallstones\1Gallstones\a2 (21).jpg,gallstones\1Gallstones\a2 (21).jpg,1200,900,JPEG,,
US_00363,,gallstones\1Gallstones\a2 (22).jpg,gallstones\1Gallstones\a2 (22).jpg,1200,900,JPEG,,
US_00364,,gallstones\1Gallstones\a2 (23).jpg,gallstones\1Gallstones\a2 (23).jpg,1200,900,JPEG,,
US_00365,,gallstones\1Gallstones\a2 (24).jpg,gallstones\1Gallstones\a2 (24).jpg,1200,900,JPEG,,
US_00366,,gallstones\1Gallstones\a2 (25).jpg,gallstones\1Gallstones\a2 (25).jpg,1200,900,JPEG,,
US_00367,,gallstones\1Gallstones\a2 (26).jpg,gallstones\1Gallstones\a2 (26).jpg,1200,900,JPEG,,
US_00368,,gallstones\1Gallstones\a2 (27).jpg,gallstones\1Gallstones\a2 (27).jpg,1200,900,JPEG,,
US_00369,,gallstones\1Gallstones\a2 (28).jpg,gallstones\1Gallstones\a2 (28).jpg,1200,900,JPEG,,
US_00370,,gallstones\1Gallstones\a2 (29).jpg,gallstones\1Gallstones\a2 (29).jpg,1200,900,JPEG,,
US_00371,,gallstones\1Gallstones\a2 (3).jpg,gallstones\1Gallstones\a2 (3).jpg,1200,900,JPEG,,
US_00372,,gallstones\1Gallstones\a2 (30).jpg,gallstones\1Gallstones\a2 (30).jpg,1200,900,JPEG,,
US_00373,,gallstones\1Gallstones\a2 (31).jpg,gallstones\1Gallstones\a2 (31).jpg,1200,900,JPEG,,
US_00374,,gallstones\1Gallstones\a2 (32).jpg,gallstones\1Gallstones\a2 (32).jpg,1200,900,JPEG,,
US_00375,,gallstones\1Gallstones\a2 (33).jpg,gallstones\1Gallstones\a2 (33).jpg,1200,900,JPEG,,
US_00376,,gallstones\1Gallstones\a2 (34).jpg,gallstones\1Gallstones\a2 (34).jpg,1200,900,JPEG,,
US_00377,,gallstones\1Gallstones\a2 (35).jpg,gallstones\1Gallstones\a2 (35).jpg,1200,900,JPEG,,
US_00378,,gallstones\1Gallstones\a2 (36).jpg,gallstones\1Gallstones\a2 (36).jpg,1200,900,JPEG,,
US_00379,,gallstones\1Gallstones\a2 (37).jpg,gallstones\1Gallstones\a2 (37).jpg,1200,900,JPEG,,
US_00380,,gallstones\1Gallstones\a2 (38).jpg,gallstones\1Gallstones\a2 (38).jpg,1200,900,JPEG,,
US_00381,,gallstones\1Gallstones\a2 (39).jpg,gallstones\1Gallstones\a2 (39).jpg,1200,900,JPEG,,
US_00382,,gallstones\1Gallstones\a2 (4).jpg,gallstones\1Gallstones\a2 (4).jpg,1200,900,JPEG,,
US_00383,,gallstones\1Gallstones\a2 (40).jpg,gallstones\1Gallstones\a2 (40).jpg,1200,900,JPEG,,
US_00384,,gallstones\1Gallstones\a2 (41).jpg,gallstones\1Gallstones\a2 (41).jpg,1200,900,JPEG,,
US_00385,,gallstones\1Gallstones\a2 (42).jpg,gallstones\1Gallstones\a2 (42).jpg,1200,900,JPEG,,
US_00386,,gallstones\1Gallstones\a2 (43).jpg,gallstones\1Gallstones\a2 (43).jpg,1200,900,JPEG,,
US_00387,,gallstones\1Gallstones\a2 (44).jpg,gallstones\1Gallstones\a2 (44).jpg,1200,900,JPEG,,
US_00388,,gallstones\1Gallstones\a2 (45).jpg,gallstones\1Gallstones\a2 (45).jpg,1200,900,JPEG,,
US_00389,,gallstones\1Gallstones\a2 (46).jpg,gallstones\1Gallstones\a2 (46).jpg,1200,900,JPEG,,
US_00390,,gallstones\1Gallstones\a2 (47).jpg,gallstones\1Gallstones\a2 (47).jpg,1200,900,JPEG,,
US_00391,,gallstones\1Gallstones\a2 (48).jpg,gallstones\1Gallstones\a2 (48).jpg,1200,900,JPEG,,
US_00392,,gallstones\1Gallstones\a2 (5).jpg,gallstones\1Gallstones\a2 (5).jpg,1200,900,JPEG,,
US_00393,,gallstones\1Gallstones\a2 (6).jpg,gallstones\1Gallstones\a2 (6).jpg,1200,900,JPEG,,
US_00394,,gallstones\1Gallstones\a2 (7).jpg,gallstones\1Gallstones\a2 (7).jpg,1200,900,JPEG,,
US_00395,,gallstones\1Gallstones\a2 (8).jpg,gallstones\1Gallstones\a2 (8).jpg,1200,900,JPEG,,
US_00396,,gallstones\1Gallstones\a2 (9).jpg,gallstones\1Gallstones\a2 (9).jpg,1200,900,JPEG,,
US_00397,,gallstones\1Gallstones\a20 (1).jpg,gallstones\1Gallstones\a20 (1).jpg,1200,900,JPEG,,
US_00398,,gallstones\1Gallstones\a20 (10).jpg,gallstones\1Gallstones\a20 (10).jpg,1200,900,JPEG,,
US_00399,,gallstones\1Gallstones\a20 (11).jpg,gallstones\1Gallstones\a20 (11).jpg,1200,900,JPEG,,
US_00400,,gallstones\1Gallstones\a20 (12).jpg,gallstones\1Gallstones\a20 (12).jpg,1200,900,JPEG,,
US_00401,,gallstones\1Gallstones\a20 (13).jpg,gallstones\1Gallstones\a20 (13).jpg,1200,900,JPEG,,
US_00402,,gallstones\1Gallstones\a20 (14).jpg,gallstones\1Gallstones\a20 (14).jpg,1200,900,JPEG,,
US_00403,,gallstones\1Gallstones\a20 (15).jpg,gallstones\1Gallstones\a20 (15).jpg,1200,900,JPEG,,
US_00404,,gallstones\1Gallstones\a20 (16).jpg,gallstones\1Gallstones\a20 (16).jpg,1200,900,JPEG,,
US_00405,,gallstones\1Gallstones\a20 (17).jpg,gallstones\1Gallstones\a20 (17).jpg,1200,900,JPEG,,
US_00406,,gallstones\1Gallstones\a20 (18).jpg,gallstones\1Gallstones\a20 (18).jpg,1200,900,JPEG,,
US_00407,,gallstones\1Gallstones\a20 (19).jpg,gallstones\1Gallstones\a20 (19).jpg,1200,900,JPEG,,
US_00408,,gallstones\1Gallstones\a20 (2).jpg,gallstones\1Gallstones\a20 (2).jpg,1200,900,JPEG,,
US_00409,,gallstones\1Gallstones\a20 (20).jpg,gallstones\1Gallstones\a20 (20).jpg,1200,900,JPEG,,
US_00410,,gallstones\1Gallstones\a20 (21).jpg,gallstones\1Gallstones\a20 (21).jpg,1200,900,JPEG,,
US_00411,,gallstones\1Gallstones\a20 (22).jpg,gallstones\1Gallstones\a20 (22).jpg,1200,900,JPEG,,
US_00412,,gallstones\1Gallstones\a20 (23).jpg,gallstones\1Gallstones\a20 (23).jpg,1200,900,JPEG,,
US_00413,,gallstones\1Gallstones\a20 (24).jpg,gallstones\1Gallstones\a20 (24).jpg,1200,900,JPEG,,
US_00414,,gallstones\1Gallstones\a20 (3).jpg,gallstones\1Gallstones\a20 (3).jpg,1200,900,JPEG,,
US_00415,,gallstones\1Gallstones\a20 (4).jpg,gallstones\1Gallstones\a20 (4).jpg,1200,900,JPEG,,
US_00416,,gallstones\1Gallstones\a20 (5).jpg,gallstones\1Gallstones\a20 (5).jpg,1200,900,JPEG,,
US_00417,,gallstones\1Gallstones\a20 (6).jpg,gallstones\1Gallstones\a20 (6).jpg,1200,900,JPEG,,
US_00418,,gallstones\1Gallstones\a20 (7).jpg,gallstones\1Gallstones\a20 (7).jpg,1200,900,JPEG,,
US_00419,,gallstones\1Gallstones\a20 (8).jpg,gallstones\1Gallstones\a20 (8).jpg,1200,900,JPEG,,
US_00420,,gallstones\1Gallstones\a20 (9).jpg,gallstones\1Gallstones\a20 (9).jpg,1200,900,JPEG,,
US_00421,,gallstones\1Gallstones\a21 (1).jpg,gallstones\1Gallstones\a21 (1).jpg,1200,900,JPEG,,
US_00422,,gallstones\1Gallstones\a21 (10).jpg,gallstones\1Gallstones\a21 (10).jpg,1200,900,JPEG,,
US_00423,,gallstones\1Gallstones\a21 (11).jpg,gallstones\1Gallstones\a21 (11).jpg,1200,900,JPEG,,
US_00424,,gallstones\1Gallstones\a21 (12).jpg,gallstones\1Gallstones\a21 (12).jpg,1200,900,JPEG,,
US_00425,,gallstones\1Gallstones\a21 (13).jpg,gallstones\1Gallstones\a21 (13).jpg,1200,900,JPEG,,
US_00426,,gallstones\1Gallstones\a21 (14).jpg,gallstones\1Gallstones\a21 (14).jpg,1200,900,JPEG,,
US_00427,,gallstones\1Gallstones\a21 (15).jpg,gallstones\1Gallstones\a21 (15).jpg,1200,900,JPEG,,
US_00428,,gallstones\1Gallstones\a21 (16).jpg,gallstones\1Gallstones\a21 (16).jpg,1200,900,JPEG,,
US_00429,,gallstones\1Gallstones\a21 (17).jpg,gallstones\1Gallstones\a21 (17).jpg,1200,900,JPEG,,
US_00430,,gallstones\1Gallstones\a21 (18).jpg,gallstones\1Gallstones\a21 (18).jpg,1200,900,JPEG,,
US_00431,,gallstones\1Gallstones\a21 (19).jpg,gallstones\1Gallstones\a21 (19).jpg,1200,900,JPEG,,
US_00432,,gallstones\1Gallstones\a21 (2).jpg,gallstones\1Gallstones\a21 (2).jpg,1200,900,JPEG,,
US_00433,,gallstones\1Gallstones\a21 (20).jpg,gallstones\1Gallstones\a21 (20).jpg,1200,900,JPEG,,
US_00434,,gallstones\1Gallstones\a21 (21).jpg,gallstones\1Gallstones\a21 (21).jpg,1200,900,JPEG,,
US_00435,,gallstones\1Gallstones\a21 (22).jpg,gallstones\1Gallstones\a21 (22).jpg,1200,900,JPEG,,
US_00436,,gallstones\1Gallstones\a21 (23).jpg,gallstones\1Gallstones\a21 (23).jpg,1200,900,JPEG,,
US_00437,,gallstones\1Gallstones\a21 (24).jpg,gallstones\1Gallstones\a21 (24).jpg,1200,900,JPEG,,
US_00438,,gallstones\1Gallstones\a21 (25).jpg,gallstones\1Gallstones\a21 (25).jpg,1200,900,JPEG,,
US_00439,,gallstones\1Gallstones\a21 (26).jpg,gallstones\1Gallstones\a21 (26).jpg,1200,900,JPEG,,
US_00440,,gallstones\1Gallstones\a21 (27).jpg,gallstones\1Gallstones\a21 (27).jpg,1200,900,JPEG,,
US_00441,,gallstones\1Gallstones\a21 (28).jpg,gallstones\1Gallstones\a21 (28).jpg,1200,900,JPEG,,
US_00442,,gallstones\1Gallstones\a21 (29).jpg,gallstones\1Gallstones\a21 (29).jpg,1200,900,JPEG,,
US_00443,,gallstones\1Gallstones\a21 (3).jpg,gallstones\1Gallstones\a21 (3).jpg,1200,900,JPEG,,
US_00444,,gallstones\1Gallstones\a21 (30).jpg,gallstones\1Gallstones\a21 (30).jpg,1200,900,JPEG,,
US_00445,,gallstones\1Gallstones\a21 (31).jpg,gallstones\1Gallstones\a21 (31).jpg,1200,900,JPEG,,
US_00446,,gallstones\1Gallstones\a21 (32).jpg,gallstones\1Gallstones\a21 (32).jpg,1200,900,JPEG,,
US_00447,,gallstones\1Gallstones\a21 (33).jpg,gallstones\1Gallstones\a21 (33).jpg,1200,900,JPEG,,
US_00448,,gallstones\1Gallstones\a21 (34).jpg,gallstones\1Gallstones\a21 (34).jpg,1200,900,JPEG,,
US_00449,,gallstones\1Gallstones\a21 (35).jpg,gallstones\1Gallstones\a21 (35).jpg,1200,900,JPEG,,
US_00450,,gallstones\1Gallstones\a21 (36).jpg,gallstones\1Gallstones\a21 (36).jpg,1200,900,JPEG,,
US_00451,,gallstones\1Gallstones\a21 (37).jpg,gallstones\1Gallstones\a21 (37).jpg,1200,900,JPEG,,
US_00452,,gallstones\1Gallstones\a21 (38).jpg,gallstones\1Gallstones\a21 (38).jpg,1200,900,JPEG,,
US_00453,,gallstones\1Gallstones\a21 (39).jpg,gallstones\1Gallstones\a21 (39).jpg,1200,900,JPEG,,
US_00454,,gallstones\1Gallstones\a21 (4).jpg,gallstones\1Gallstones\a21 (4).jpg,1200,900,JPEG,,
US_00455,,gallstones\1Gallstones\a21 (40).jpg,gallstones\1Gallstones\a21 (40).jpg,1200,900,JPEG,,
US_00456,,gallstones\1Gallstones\a21 (41).jpg,gallstones\1Gallstones\a21 (41).jpg,1200,900,JPEG,,
US_00457,,gallstones\1Gallstones\a21 (42).jpg,gallstones\1Gallstones\a21 (42).jpg,1200,900,JPEG,,
US_00458,,gallstones\1Gallstones\a21 (43).jpg,gallstones\1Gallstones\a21 (43).jpg,1200,900,JPEG,,
US_00459,,gallstones\1Gallstones\a21 (44).jpg,gallstones\1Gallstones\a21 (44).jpg,1200,900,JPEG,,
US_00460,,gallstones\1Gallstones\a21 (45).jpg,gallstones\1Gallstones\a21 (45).jpg,1200,900,JPEG,,
US_00461,,gallstones\1Gallstones\a21 (46).jpg,gallstones\1Gallstones\a21 (46).jpg,1200,900,JPEG,,
US_00462,,gallstones\1Gallstones\a21 (47).jpg,gallstones\1Gallstones\a21 (47).jpg,1200,900,JPEG,,
US_00463,,gallstones\1Gallstones\a21 (48).jpg,gallstones\1Gallstones\a21 (48).jpg,1200,900,JPEG,,
US_00464,,gallstones\1Gallstones\a21 (5).jpg,gallstones\1Gallstones\a21 (5).jpg,1200,900,JPEG,,
US_00465,,gallstones\1Gallstones\a21 (6).jpg,gallstones\1Gallstones\a21 (6).jpg,1200,900,JPEG,,
US_00466,,gallstones\1Gallstones\a21 (7).jpg,gallstones\1Gallstones\a21 (7).jpg,1200,900,JPEG,,
US_00467,,gallstones\1Gallstones\a21 (8).jpg,gallstones\1Gallstones\a21 (8).jpg,1200,900,JPEG,,
US_00468,,gallstones\1Gallstones\a21 (9).jpg,gallstones\1Gallstones\a21 (9).jpg,1200,900,JPEG,,
US_00469,,gallstones\1Gallstones\a22 (1).jpg,gallstones\1Gallstones\a22 (1).jpg,1200,900,JPEG,,
US_00470,,gallstones\1Gallstones\a22 (10).jpg,gallstones\1Gallstones\a22 (10).jpg,1200,900,JPEG,,
US_00471,,gallstones\1Gallstones\a22 (11).jpg,gallstones\1Gallstones\a22 (11).jpg,1200,900,JPEG,,
US_00472,,gallstones\1Gallstones\a22 (12).jpg,gallstones\1Gallstones\a22 (12).jpg,1200,900,JPEG,,
US_00473,,gallstones\1Gallstones\a22 (13).jpg,gallstones\1Gallstones\a22 (13).jpg,1200,900,JPEG,,
US_00474,,gallstones\1Gallstones\a22 (14).jpg,gallstones\1Gallstones\a22 (14).jpg,1200,900,JPEG,,
US_00475,,gallstones\1Gallstones\a22 (15).jpg,gallstones\1Gallstones\a22 (15).jpg,1200,900,JPEG,,
US_00476,,gallstones\1Gallstones\a22 (16).jpg,gallstones\1Gallstones\a22 (16).jpg,1200,900,JPEG,,
US_00477,,gallstones\1Gallstones\a22 (17).jpg,gallstones\1Gallstones\a22 (17).jpg,1200,900,JPEG,,
US_00478,,gallstones\1Gallstones\a22 (18).jpg,gallstones\1Gallstones\a22 (18).jpg,1200,900,JPEG,,
US_00479,,gallstones\1Gallstones\a22 (19).jpg,gallstones\1Gallstones\a22 (19).jpg,1200,900,JPEG,,
US_00480,,gallstones\1Gallstones\a22 (2).jpg,gallstones\1Gallstones\a22 (2).jpg,1200,900,JPEG,,
US_00481,,gallstones\1Gallstones\a22 (20).jpg,gallstones\1Gallstones\a22 (20).jpg,1200,900,JPEG,,
US_00482,,gallstones\1Gallstones\a22 (21).jpg,gallstones\1Gallstones\a22 (21).jpg,1200,900,JPEG,,
US_00483,,gallstones\1Gallstones\a22 (22).jpg,gallstones\1Gallstones\a22 (22).jpg,1200,900,JPEG,,
US_00484,,gallstones\1Gallstones\a22 (23).jpg,gallstones\1Gallstones\a22 (23).jpg,1200,900,JPEG,,
US_00485,,gallstones\1Gallstones\a22 (24).jpg,gallstones\1Gallstones\a22 (24).jpg,1200,900,JPEG,,
US_00486,,gallstones\1Gallstones\a22 (25).jpg,gallstones\1Gallstones\a22 (25).jpg,1200,900,JPEG,,
US_00487,,gallstones\1Gallstones\a22 (26).jpg,gallstones\1Gallstones\a22 (26).jpg,1200,900,JPEG,,
US_00488,,gallstones\1Gallstones\a22 (27).jpg,gallstones\1Gallstones\a22 (27).jpg,1200,900,JPEG,,
US_00489,,gallstones\1Gallstones\a22 (28).jpg,gallstones\1Gallstones\a22 (28).jpg,1200,900,JPEG,,
US_00490,,gallstones\1Gallstones\a22 (29).jpg,gallstones\1Gallstones\a22 (29).jpg,1200,900,JPEG,,
US_00491,,gallstones\1Gallstones\a22 (3).jpg,gallstones\1Gallstones\a22 (3).jpg,1200,900,JPEG,,
US_00492,,gallstones\1Gallstones\a22 (30).jpg,gallstones\1Gallstones\a22 (30).jpg,1200,900,JPEG,,
US_00493,,gallstones\1Gallstones\a22 (31).jpg,gallstones\1Gallstones\a22 (31).jpg,1200,900,JPEG,,
US_00494,,gallstones\1Gallstones\a22 (32).jpg,gallstones\1Gallstones\a22 (32).jpg,1200,900,JPEG,,
US_00495,,gallstones\1Gallstones\a22 (33).jpg,gallstones\1Gallstones\a22 (33).jpg,1200,900,JPEG,,
US_00496,,gallstones\1Gallstones\a22 (34).jpg,gallstones\1Gallstones\a22 (34).jpg,1200,900,JPEG,,
US_00497,,gallstones\1Gallstones\a22 (35).jpg,gallstones\1Gallstones\a22 (35).jpg,1200,900,JPEG,,
US_00498,,gallstones\1Gallstones\a22 (36).jpg,gallstones\1Gallstones\a22 (36).jpg,1200,900,JPEG,,
US_00499,,gallstones\1Gallstones\a22 (37).jpg,gallstones\1Gallstones\a22 (37).jpg,1200,900,JPEG,,
US_00500,,gallstones\1Gallstones\a22 (38).jpg,gallstones\1Gallstones\a22 (38).jpg,1200,900,JPEG,,
US_00501,,gallstones\1Gallstones\a22 (39).jpg,gallstones\1Gallstones\a22 (39).jpg,1200,900,JPEG,,
US_00502,,gallstones\1Gallstones\a22 (4).jpg,gallstones\1Gallstones\a22 (4).jpg,1200,900,JPEG,,
US_00503,,gallstones\1Gallstones\a22 (40).jpg,gallstones\1Gallstones\a22 (40).jpg,1200,900,JPEG,,
US_00504,,gallstones\1Gallstones\a22 (41).jpg,gallstones\1Gallstones\a22 (41).jpg,1200,900,JPEG,,
US_00505,,gallstones\1Gallstones\a22 (42).jpg,gallstones\1Gallstones\a22 (42).jpg,1200,900,JPEG,,
US_00506,,gallstones\1Gallstones\a22 (43).jpg,gallstones\1Gallstones\a22 (43).jpg,1200,900,JPEG,,
US_00507,,gallstones\1Gallstones\a22 (44).jpg,gallstones\1Gallstones\a22 (44).jpg,1200,900,JPEG,,
US_00508,,gallstones\1Gallstones\a22 (45).jpg,gallstones\1Gallstones\a22 (45).jpg,1200,900,JPEG,,
US_00509,,gallstones\1Gallstones\a22 (46).jpg,gallstones\1Gallstones\a22 (46).jpg,1200,900,JPEG,,
US_00510,,gallstones\1Gallstones\a22 (47).jpg,gallstones\1Gallstones\a22 (47).jpg,1200,900,JPEG,,
US_00511,,gallstones\1Gallstones\a22 (48).jpg,gallstones\1Gallstones\a22 (48).jpg,1200,900,JPEG,,
US_00512,,gallstones\1Gallstones\a22 (5).jpg,gallstones\1Gallstones\a22 (5).jpg,1200,900,JPEG,,
US_00513,,gallstones\1Gallstones\a22 (6).jpg,gallstones\1Gallstones\a22 (6).jpg,1200,900,JPEG,,
US_00514,,gallstones\1Gallstones\a22 (7).jpg,gallstones\1Gallstones\a22 (7).jpg,1200,900,JPEG,,
US_00515,,gallstones\1Gallstones\a22 (8).jpg,gallstones\1Gallstones\a22 (8).jpg,1200,900,JPEG,,
US_00516,,gallstones\1Gallstones\a22 (9).jpg,gallstones\1Gallstones\a22 (9).jpg,1200,900,JPEG,,
US_00517,,gallstones\1Gallstones\a23 (1).jpg,gallstones\1Gallstones\a23 (1).jpg,1200,900,JPEG,,
US_00518,,gallstones\1Gallstones\a23 (10).jpg,gallstones\1Gallstones\a23 (10).jpg,1200,900,JPEG,,
US_00519,,gallstones\1Gallstones\a23 (11).jpg,gallstones\1Gallstones\a23 (11).jpg,1200,900,JPEG,,
US_00520,,gallstones\1Gallstones\a23 (12).jpg,gallstones\1Gallstones\a23 (12).jpg,1200,900,JPEG,,
US_00521,,gallstones\1Gallstones\a23 (13).jpg,gallstones\1Gallstones\a23 (13).jpg,1200,900,JPEG,,
US_00522,,gallstones\1Gallstones\a23 (14).jpg,gallstones\1Gallstones\a23 (14).jpg,1200,900,JPEG,,
US_00523,,gallstones\1Gallstones\a23 (15).jpg,gallstones\1Gallstones\a23 (15).jpg,1200,900,JPEG,,
US_00524,,gallstones\1Gallstones\a23 (16).jpg,gallstones\1Gallstones\a23 (16).jpg,1200,900,JPEG,,
US_00525,,gallstones\1Gallstones\a23 (17).jpg,gallstones\1Gallstones\a23 (17).jpg,1200,900,JPEG,,
US_00526,,gallstones\1Gallstones\a23 (18).jpg,gallstones\1Gallstones\a23 (18).jpg,1200,900,JPEG,,
US_00527,,gallstones\1Gallstones\a23 (19).jpg,gallstones\1Gallstones\a23 (19).jpg,1200,900,JPEG,,
US_00528,,gallstones\1Gallstones\a23 (2).jpg,gallstones\1Gallstones\a23 (2).jpg,1200,900,JPEG,,
US_00529,,gallstones\1Gallstones\a23 (20).jpg,gallstones\1Gallstones\a23 (20).jpg,1200,900,JPEG,,
US_00530,,gallstones\1Gallstones\a23 (21).jpg,gallstones\1Gallstones\a23 (21).jpg,1200,900,JPEG,,
US_00531,,gallstones\1Gallstones\a23 (22).jpg,gallstones\1Gallstones\a23 (22).jpg,1200,900,JPEG,,
US_00532,,gallstones\1Gallstones\a23 (23).jpg,gallstones\1Gallstones\a23 (23).jpg,1200,900,JPEG,,
US_00533,,gallstones\1Gallstones\a23 (24).jpg,gallstones\1Gallstones\a23 (24).jpg,1200,900,JPEG,,
US_00534,,gallstones\1Gallstones\a23 (3).jpg,gallstones\1Gallstones\a23 (3).jpg,1200,900,JPEG,,
US_00535,,gallstones\1Gallstones\a23 (4).jpg,gallstones\1Gallstones\a23 (4).jpg,1200,900,JPEG,,
US_00536,,gallstones\1Gallstones\a23 (5).jpg,gallstones\1Gallstones\a23 (5).jpg,1200,900,JPEG,,
US_00537,,gallstones\1Gallstones\a23 (6).jpg,gallstones\1Gallstones\a23 (6).jpg,1200,900,JPEG,,
US_00538,,gallstones\1Gallstones\a23 (7).jpg,gallstones\1Gallstones\a23 (7).jpg,1200,900,JPEG,,
US_00539,,gallstones\1Gallstones\a23 (8).jpg,gallstones\1Gallstones\a23 (8).jpg,1200,900,JPEG,,
US_00540,,gallstones\1Gallstones\a23 (9).jpg,gallstones\1Gallstones\a23 (9).jpg,1200,900,JPEG,,
US_00541,,gallstones\1Gallstones\a24 (1).jpg,gallstones\1Gallstones\a24 (1).jpg,1200,900,JPEG,,
US_00542,,gallstones\1Gallstones\a24 (10).jpg,gallstones\1Gallstones\a24 (10).jpg,1200,900,JPEG,,
US_00543,,gallstones\1Gallstones\a24 (11).jpg,gallstones\1Gallstones\a24 (11).jpg,1200,900,JPEG,,
US_00544,,gallstones\1Gallstones\a24 (12).jpg,gallstones\1Gallstones\a24 (12).jpg,1200,900,JPEG,,
US_00545,,gallstones\1Gallstones\a24 (13).jpg,gallstones\1Gallstones\a24 (13).jpg,1200,900,JPEG,,
US_00546,,gallstones\1Gallstones\a24 (14).jpg,gallstones\1Gallstones\a24 (14).jpg,1200,900,JPEG,,
US_00547,,gallstones\1Gallstones\a24 (15).jpg,gallstones\1Gallstones\a24 (15).jpg,1200,900,JPEG,,
US_00548,,gallstones\1Gallstones\a24 (16).jpg,gallstones\1Gallstones\a24 (16).jpg,1200,900,JPEG,,
US_00549,,gallstones\1Gallstones\a24 (17).jpg,gallstones\1Gallstones\a24 (17).jpg,1200,900,JPEG,,
US_00550,,gallstones\1Gallstones\a24 (18).jpg,gallstones\1Gallstones\a24 (18).jpg,1200,900,JPEG,,
US_00551,,gallstones\1Gallstones\a24 (19).jpg,gallstones\1Gallstones\a24 (19).jpg,1200,900,JPEG,,
US_00552,,gallstones\1Gallstones\a24 (2).jpg,gallstones\1Gallstones\a24 (2).jpg,1200,900,JPEG,,
US_00553,,gallstones\1Gallstones\a24 (20).jpg,gallstones\1Gallstones\a24 (20).jpg,1200,900,JPEG,,
US_00554,,gallstones\1Gallstones\a24 (21).jpg,gallstones\1Gallstones\a24 (21).jpg,1200,900,JPEG,,
US_00555,,gallstones\1Gallstones\a24 (22).jpg,gallstones\1Gallstones\a24 (22).jpg,1200,900,JPEG,,
US_00556,,gallstones\1Gallstones\a24 (23).jpg,gallstones\1Gallstones\a24 (23).jpg,1200,900,JPEG,,
US_00557,,gallstones\1Gallstones\a24 (24).jpg,gallstones\1Gallstones\a24 (24).jpg,1200,900,JPEG,,
US_00558,,gallstones\1Gallstones\a24 (3).jpg,gallstones\1Gallstones\a24 (3).jpg,1200,900,JPEG,,
US_00559,,gallstones\1Gallstones\a24 (4).jpg,gallstones\1Gallstones\a24 (4).jpg,1200,900,JPEG,,
US_00560,,gallstones\1Gallstones\a24 (5).jpg,gallstones\1Gallstones\a24 (5).jpg,1200,900,JPEG,,
US_00561,,gallstones\1Gallstones\a24 (6).jpg,gallstones\1Gallstones\a24 (6).jpg,1200,900,JPEG,,
US_00562,,gallstones\1Gallstones\a24 (7).jpg,gallstones\1Gallstones\a24 (7).jpg,1200,900,JPEG,,
US_00563,,gallstones\1Gallstones\a24 (8).jpg,gallstones\1Gallstones\a24 (8).jpg,1200,900,JPEG,,
US_00564,,gallstones\1Gallstones\a24 (9).jpg,gallstones\1Gallstones\a24 (9).jpg,1200,900,JPEG,,
US_00565,,gallstones\1Gallstones\a25 (1).jpg,gallstones\1Gallstones\a25 (1).jpg,1200,900,JPEG,,
US_00566,,gallstones\1Gallstones\a25 (10).jpg,gallstones\1Gallstones\a25 (10).jpg,1200,900,JPEG,,
US_00567,,gallstones\1Gallstones\a25 (11).jpg,gallstones\1Gallstones\a25 (11).jpg,1200,900,JPEG,,
US_00568,,gallstones\1Gallstones\a25 (12).jpg,gallstones\1Gallstones\a25 (12).jpg,1200,900,JPEG,,
US_00569,,gallstones\1Gallstones\a25 (13).jpg,gallstones\1Gallstones\a25 (13).jpg,1200,900,JPEG,,
US_00570,,gallstones\1Gallstones\a25 (14).jpg,gallstones\1Gallstones\a25 (14).jpg,1200,900,JPEG,,
US_00571,,gallstones\1Gallstones\a25 (15).jpg,gallstones\1Gallstones\a25 (15).jpg,1200,900,JPEG,,
US_00572,,gallstones\1Gallstones\a25 (16).jpg,gallstones\1Gallstones\a25 (16).jpg,1200,900,JPEG,,
US_00573,,gallstones\1Gallstones\a25 (17).jpg,gallstones\1Gallstones\a25 (17).jpg,1200,900,JPEG,,
US_00574,,gallstones\1Gallstones\a25 (18).jpg,gallstones\1Gallstones\a25 (18).jpg,1200,900,JPEG,,
US_00575,,gallstones\1Gallstones\a25 (19).jpg,gallstones\1Gallstones\a25 (19).jpg,1200,900,JPEG,,
US_00576,,gallstones\1Gallstones\a25 (2).jpg,gallstones\1Gallstones\a25 (2).jpg,1200,900,JPEG,,
US_00577,,gallstones\1Gallstones\a25 (20).jpg,gallstones\1Gallstones\a25 (20).jpg,1200,900,JPEG,,
US_00578,,gallstones\1Gallstones\a25 (21).jpg,gallstones\1Gallstones\a25 (21).jpg,1200,900,JPEG,,
US_00579,,gallstones\1Gallstones\a25 (22).jpg,gallstones\1Gallstones\a25 (22).jpg,1200,900,JPEG,,
US_00580,,gallstones\1Gallstones\a25 (23).jpg,gallstones\1Gallstones\a25 (23).jpg,1200,900,JPEG,,
US_00581,,gallstones\1Gallstones\a25 (24).jpg,gallstones\1Gallstones\a25 (24).jpg,1200,900,JPEG,,
US_00582,,gallstones\1Gallstones\a25 (25).jpg,gallstones\1Gallstones\a25 (25).jpg,1200,900,JPEG,,
US_00583,,gallstones\1Gallstones\a25 (26).jpg,gallstones\1Gallstones\a25 (26).jpg,1200,900,JPEG,,
US_00584,,gallstones\1Gallstones\a25 (27).jpg,gallstones\1Gallstones\a25 (27).jpg,1200,900,JPEG,,
US_00585,,gallstones\1Gallstones\a25 (28).jpg,gallstones\1Gallstones\a25 (28).jpg,1200,900,JPEG,,
US_00586,,gallstones\1Gallstones\a25 (29).jpg,gallstones\1Gallstones\a25 (29).jpg,1200,900,JPEG,,
US_00587,,gallstones\1Gallstones\a25 (3).jpg,gallstones\1Gallstones\a25 (3).jpg,1200,900,JPEG,,
US_00588,,gallstones\1Gallstones\a25 (30).jpg,gallstones\1Gallstones\a25 (30).jpg,1200,900,JPEG,,
US_00589,,gallstones\1Gallstones\a25 (31).jpg,gallstones\1Gallstones\a25 (31).jpg,1200,900,JPEG,,
US_00590,,gallstones\1Gallstones\a25 (32).jpg,gallstones\1Gallstones\a25 (32).jpg,1200,900,JPEG,,
US_00591,,gallstones\1Gallstones\a25 (33).jpg,gallstones\1Gallstones\a25 (33).jpg,1200,900,JPEG,,
US_00592,,gallstones\1Gallstones\a25 (34).jpg,gallstones\1Gallstones\a25 (34).jpg,1200,900,JPEG,,
US_00593,,gallstones\1Gallstones\a25 (35).jpg,gallstones\1Gallstones\a25 (35).jpg,1200,900,JPEG,,
US_00594,,gallstones\1Gallstones\a25 (36).jpg,gallstones\1Gallstones\a25 (36).jpg,1200,900,JPEG,,
US_00595,,gallstones\1Gallstones\a25 (37).jpg,gallstones\1Gallstones\a25 (37).jpg,1200,900,JPEG,,
US_00596,,gallstones\1Gallstones\a25 (38).jpg,gallstones\1Gallstones\a25 (38).jpg,1200,900,JPEG,,
US_00597,,gallstones\1Gallstones\a25 (39).jpg,gallstones\1Gallstones\a25 (39).jpg,1200,900,JPEG,,
US_00598,,gallstones\1Gallstones\a25 (4).jpg,gallstones\1Gallstones\a25 (4).jpg,1200,900,JPEG,,
US_00599,,gallstones\1Gallstones\a25 (40).jpg,gallstones\1Gallstones\a25 (40).jpg,1200,900,JPEG,,
US_00600,,gallstones\1Gallstones\a25 (41).jpg,gallstones\1Gallstones\a25 (41).jpg,1200,900,JPEG,,
US_00601,,gallstones\1Gallstones\a25 (42).jpg,gallstones\1Gallstones\a25 (42).jpg,1200,900,JPEG,,
US_00602,,gallstones\1Gallstones\a25 (43).jpg,gallstones\1Gallstones\a25 (43).jpg,1200,900,JPEG,,
US_00603,,gallstones\1Gallstones\a25 (44).jpg,gallstones\1Gallstones\a25 (44).jpg,1200,900,JPEG,,
US_00604,,gallstones\1Gallstones\a25 (45).jpg,gallstones\1Gallstones\a25 (45).jpg,1200,900,JPEG,,
US_00605,,gallstones\1Gallstones\a25 (46).jpg,gallstones\1Gallstones\a25 (46).jpg,1200,900,JPEG,,
US_00606,,gallstones\1Gallstones\a25 (47).jpg,gallstones\1Gallstones\a25 (47).jpg,1200,900,JPEG,,
US_00607,,gallstones\1Gallstones\a25 (48).jpg,gallstones\1Gallstones\a25 (48).jpg,1200,900,JPEG,,
US_00608,,gallstones\1Gallstones\a25 (5).jpg,gallstones\1Gallstones\a25 (5).jpg,1200,900,JPEG,,
US_00609,,gallstones\1Gallstones\a25 (6).jpg,gallstones\1Gallstones\a25 (6).jpg,1200,900,JPEG,,
US_00610,,gallstones\1Gallstones\a25 (7).jpg,gallstones\1Gallstones\a25 (7).jpg,1200,900,JPEG,,
US_00611,,gallstones\1Gallstones\a25 (8).jpg,gallstones\1Gallstones\a25 (8).jpg,1200,900,JPEG,,
US_00612,,gallstones\1Gallstones\a25 (9).jpg,gallstones\1Gallstones\a25 (9).jpg,1200,900,JPEG,,
US_00613,,gallstones\1Gallstones\a26 (1).jpg,gallstones\1Gallstones\a26 (1).jpg,1200,900,JPEG,,
US_00614,,gallstones\1Gallstones\a26 (10).jpg,gallstones\1Gallstones\a26 (10).jpg,1200,900,JPEG,,
US_00615,,gallstones\1Gallstones\a26 (11).jpg,gallstones\1Gallstones\a26 (11).jpg,1200,900,JPEG,,
US_00616,,gallstones\1Gallstones\a26 (12).jpg,gallstones\1Gallstones\a26 (12).jpg,1200,900,JPEG,,
US_00617,,gallstones\1Gallstones\a26 (13).jpg,gallstones\1Gallstones\a26 (13).jpg,1200,900,JPEG,,
US_00618,,gallstones\1Gallstones\a26 (14).jpg,gallstones\1Gallstones\a26 (14).jpg,1200,900,JPEG,,
US_00619,,gallstones\1Gallstones\a26 (15).jpg,gallstones\1Gallstones\a26 (15).jpg,1200,900,JPEG,,
US_00620,,gallstones\1Gallstones\a26 (16).jpg,gallstones\1Gallstones\a26 (16).jpg,1200,900,JPEG,,
US_00621,,gallstones\1Gallstones\a26 (17).jpg,gallstones\1Gallstones\a26 (17).jpg,1200,900,JPEG,,
US_00622,,gallstones\1Gallstones\a26 (18).jpg,gallstones\1Gallstones\a26 (18).jpg,1200,900,JPEG,,
US_00623,,gallstones\1Gallstones\a26 (19).jpg,gallstones\1Gallstones\a26 (19).jpg,1200,900,JPEG,,
US_00624,,gallstones\1Gallstones\a26 (2).jpg,gallstones\1Gallstones\a26 (2).jpg,1200,900,JPEG,,
US_00625,,gallstones\1Gallstones\a26 (20).jpg,gallstones\1Gallstones\a26 (20).jpg,1200,900,JPEG,,
US_00626,,gallstones\1Gallstones\a26 (21).jpg,gallstones\1Gallstones\a26 (21).jpg,1200,900,JPEG,,
US_00627,,gallstones\1Gallstones\a26 (22).jpg,gallstones\1Gallstones\a26 (22).jpg,1200,900,JPEG,,
US_00628,,gallstones\1Gallstones\a26 (23).jpg,gallstones\1Gallstones\a26 (23).jpg,1200,900,JPEG,,
US_00629,,gallstones\1Gallstones\a26 (24).jpg,gallstones\1Gallstones\a26 (24).jpg,1200,900,JPEG,,
US_00630,,gallstones\1Gallstones\a26 (3).jpg,gallstones\1Gallstones\a26 (3).jpg,1200,900,JPEG,,
US_00631,,gallstones\1Gallstones\a26 (4).jpg,gallstones\1Gallstones\a26 (4).jpg,1200,900,JPEG,,
US_00632,,gallstones\1Gallstones\a26 (5).jpg,gallstones\1Gallstones\a26 (5).jpg,1200,900,JPEG,,
US_00633,,gallstones\1Gallstones\a26 (6).jpg,gallstones\1Gallstones\a26 (6).jpg,1200,900,JPEG,,
US_00634,,gallstones\1Gallstones\a26 (7).jpg,gallstones\1Gallstones\a26 (7).jpg,1200,900,JPEG,,
US_00635,,gallstones\1Gallstones\a26 (8).jpg,gallstones\1Gallstones\a26 (8).jpg,1200,900,JPEG,,
US_00636,,gallstones\1Gallstones\a26 (9).jpg,gallstones\1Gallstones\a26 (9).jpg,1200,900,JPEG,,
US_00637,,gallstones\1Gallstones\a27 (1).jpg,gallstones\1Gallstones\a27 (1).jpg,1200,900,JPEG,,
US_00638,,gallstones\1Gallstones\a27 (10).jpg,gallstones\1Gallstones\a27 (10).jpg,1200,900,JPEG,,
US_00639,,gallstones\1Gallstones\a27 (11).jpg,gallstones\1Gallstones\a27 (11).jpg,1200,900,JPEG,,
US_00640,,gallstones\1Gallstones\a27 (12).jpg,gallstones\1Gallstones\a27 (12).jpg,1200,900,JPEG,,
US_00641,,gallstones\1Gallstones\a27 (13).jpg,gallstones\1Gallstones\a27 (13).jpg,1200,900,JPEG,,
US_00642,,gallstones\1Gallstones\a27 (14).jpg,gallstones\1Gallstones\a27 (14).jpg,1200,900,JPEG,,
US_00643,,gallstones\1Gallstones\a27 (15).jpg,gallstones\1Gallstones\a27 (15).jpg,1200,900,JPEG,,
US_00644,,gallstones\1Gallstones\a27 (16).jpg,gallstones\1Gallstones\a27 (16).jpg,1200,900,JPEG,,
US_00645,,gallstones\1Gallstones\a27 (17).jpg,gallstones\1Gallstones\a27 (17).jpg,1200,900,JPEG,,
US_00646,,gallstones\1Gallstones\a27 (18).jpg,gallstones\1Gallstones\a27 (18).jpg,1200,900,JPEG,,
US_00647,,gallstones\1Gallstones\a27 (19).jpg,gallstones\1Gallstones\a27 (19).jpg,1200,900,JPEG,,
US_00648,,gallstones\1Gallstones\a27 (2).jpg,gallstones\1Gallstones\a27 (2).jpg,1200,900,JPEG,,
US_00649,,gallstones\1Gallstones\a27 (20).jpg,gallstones\1Gallstones\a27 (20).jpg,1200,900,JPEG,,
US_00650,,gallstones\1Gallstones\a27 (21).jpg,gallstones\1Gallstones\a27 (21).jpg,1200,900,JPEG,,
US_00651,,gallstones\1Gallstones\a27 (22).jpg,gallstones\1Gallstones\a27 (22).jpg,1200,900,JPEG,,
US_00652,,gallstones\1Gallstones\a27 (23).jpg,gallstones\1Gallstones\a27 (23).jpg,1200,900,JPEG,,
US_00653,,gallstones\1Gallstones\a27 (24).jpg,gallstones\1Gallstones\a27 (24).jpg,1200,900,JPEG,,
US_00654,,gallstones\1Gallstones\a27 (25).jpg,gallstones\1Gallstones\a27 (25).jpg,1200,900,JPEG,,
US_00655,,gallstones\1Gallstones\a27 (26).jpg,gallstones\1Gallstones\a27 (26).jpg,1200,900,JPEG,,
US_00656,,gallstones\1Gallstones\a27 (27).jpg,gallstones\1Gallstones\a27 (27).jpg,1200,900,JPEG,,
US_00657,,gallstones\1Gallstones\a27 (28).jpg,gallstones\1Gallstones\a27 (28).jpg,1200,900,JPEG,,
US_00658,,gallstones\1Gallstones\a27 (29).jpg,gallstones\1Gallstones\a27 (29).jpg,1200,900,JPEG,,
US_00659,,gallstones\1Gallstones\a27 (3).jpg,gallstones\1Gallstones\a27 (3).jpg,1200,900,JPEG,,
US_00660,,gallstones\1Gallstones\a27 (30).jpg,gallstones\1Gallstones\a27 (30).jpg,1200,900,JPEG,,
US_00661,,gallstones\1Gallstones\a27 (31).jpg,gallstones\1Gallstones\a27 (31).jpg,1200,900,JPEG,,
US_00662,,gallstones\1Gallstones\a27 (32).jpg,gallstones\1Gallstones\a27 (32).jpg,1200,900,JPEG,,
US_00663,,gallstones\1Gallstones\a27 (33).jpg,gallstones\1Gallstones\a27 (33).jpg,1200,900,JPEG,,
US_00664,,gallstones\1Gallstones\a27 (34).jpg,gallstones\1Gallstones\a27 (34).jpg,1200,900,JPEG,,
US_00665,,gallstones\1Gallstones\a27 (35).jpg,gallstones\1Gallstones\a27 (35).jpg,1200,900,JPEG,,
US_00666,,gallstones\1Gallstones\a27 (36).jpg,gallstones\1Gallstones\a27 (36).jpg,1200,900,JPEG,,
US_00667,,gallstones\1Gallstones\a27 (37).jpg,gallstones\1Gallstones\a27 (37).jpg,1200,900,JPEG,,
US_00668,,gallstones\1Gallstones\a27 (38).jpg,gallstones\1Gallstones\a27 (38).jpg,1200,900,JPEG,,
US_00669,,gallstones\1Gallstones\a27 (39).jpg,gallstones\1Gallstones\a27 (39).jpg,1200,900,JPEG,,
US_00670,,gallstones\1Gallstones\a27 (4).jpg,gallstones\1Gallstones\a27 (4).jpg,1200,900,JPEG,,
US_00671,,gallstones\1Gallstones\a27 (40).jpg,gallstones\1Gallstones\a27 (40).jpg,1200,900,JPEG,,
US_00672,,gallstones\1Gallstones\a27 (41).jpg,gallstones\1Gallstones\a27 (41).jpg,1200,900,JPEG,,
US_00673,,gallstones\1Gallstones\a27 (42).jpg,gallstones\1Gallstones\a27 (42).jpg,1200,900,JPEG,,
US_00674,,gallstones\1Gallstones\a27 (43).jpg,gallstones\1Gallstones\a27 (43).jpg,1200,900,JPEG,,
US_00675,,gallstones\1Gallstones\a27 (44).jpg,gallstones\1Gallstones\a27 (44).jpg,1200,900,JPEG,,
US_00676,,gallstones\1Gallstones\a27 (45).jpg,gallstones\1Gallstones\a27 (45).jpg,1200,900,JPEG,,
US_00677,,gallstones\1Gallstones\a27 (46).jpg,gallstones\1Gallstones\a27 (46).jpg,1200,900,JPEG,,
US_00678,,gallstones\1Gallstones\a27 (47).jpg,gallstones\1Gallstones\a27 (47).jpg,1200,900,JPEG,,
US_00679,,gallstones\1Gallstones\a27 (48).jpg,gallstones\1Gallstones\a27 (48).jpg,1200,900,JPEG,,
US_00680,,gallstones\1Gallstones\a27 (5).jpg,gallstones\1Gallstones\a27 (5).jpg,1200,900,JPEG,,
US_00681,,gallstones\1Gallstones\a27 (6).jpg,gallstones\1Gallstones\a27 (6).jpg,1200,900,JPEG,,
US_00682,,gallstones\1Gallstones\a27 (7).jpg,gallstones\1Gallstones\a27 (7).jpg,1200,900,JPEG,,
US_00683,,gallstones\1Gallstones\a27 (8).jpg,gallstones\1Gallstones\a27 (8).jpg,1200,900,JPEG,,
US_00684,,gallstones\1Gallstones\a27 (9).jpg,gallstones\1Gallstones\a27 (9).jpg,1200,900,JPEG,,
US_00685,,gallstones\1Gallstones\a28 (1).jpg,gallstones\1Gallstones\a28 (1).jpg,1200,900,JPEG,,
US_00686,,gallstones\1Gallstones\a28 (10).jpg,gallstones\1Gallstones\a28 (10).jpg,1200,900,JPEG,,
US_00687,,gallstones\1Gallstones\a28 (11).jpg,gallstones\1Gallstones\a28 (11).jpg,1200,900,JPEG,,
US_00688,,gallstones\1Gallstones\a28 (12).jpg,gallstones\1Gallstones\a28 (12).jpg,1200,900,JPEG,,
US_00689,,gallstones\1Gallstones\a28 (13).jpg,gallstones\1Gallstones\a28 (13).jpg,1200,900,JPEG,,
US_00690,,gallstones\1Gallstones\a28 (14).jpg,gallstones\1Gallstones\a28 (14).jpg,1200,900,JPEG,,
US_00691,,gallstones\1Gallstones\a28 (15).jpg,gallstones\1Gallstones\a28 (15).jpg,1200,900,JPEG,,
US_00692,,gallstones\1Gallstones\a28 (16).jpg,gallstones\1Gallstones\a28 (16).jpg,1200,900,JPEG,,
US_00693,,gallstones\1Gallstones\a28 (17).jpg,gallstones\1Gallstones\a28 (17).jpg,1200,900,JPEG,,
US_00694,,gallstones\1Gallstones\a28 (18).jpg,gallstones\1Gallstones\a28 (18).jpg,1200,900,JPEG,,
US_00695,,gallstones\1Gallstones\a28 (19).jpg,gallstones\1Gallstones\a28 (19).jpg,1200,900,JPEG,,
US_00696,,gallstones\1Gallstones\a28 (2).jpg,gallstones\1Gallstones\a28 (2).jpg,1200,900,JPEG,,
US_00697,,gallstones\1Gallstones\a28 (20).jpg,gallstones\1Gallstones\a28 (20).jpg,1200,900,JPEG,,
US_00698,,gallstones\1Gallstones\a28 (21).jpg,gallstones\1Gallstones\a28 (21).jpg,1200,900,JPEG,,
US_00699,,gallstones\1Gallstones\a28 (22).jpg,gallstones\1Gallstones\a28 (22).jpg,1200,900,JPEG,,
US_00700,,gallstones\1Gallstones\a28 (23).jpg,gallstones\1Gallstones\a28 (23).jpg,1200,900,JPEG,,
US_00701,,gallstones\1Gallstones\a28 (24).jpg,gallstones\1Gallstones\a28 (24).jpg,1200,900,JPEG,,
US_00702,,gallstones\1Gallstones\a28 (3).jpg,gallstones\1Gallstones\a28 (3).jpg,1200,900,JPEG,,
US_00703,,gallstones\1Gallstones\a28 (4).jpg,gallstones\1Gallstones\a28 (4).jpg,1200,900,JPEG,,
US_00704,,gallstones\1Gallstones\a28 (5).jpg,gallstones\1Gallstones\a28 (5).jpg,1200,900,JPEG,,
US_00705,,gallstones\1Gallstones\a28 (6).jpg,gallstones\1Gallstones\a28 (6).jpg,1200,900,JPEG,,
US_00706,,gallstones\1Gallstones\a28 (7).jpg,gallstones\1Gallstones\a28 (7).jpg,1200,900,JPEG,,
US_00707,,gallstones\1Gallstones\a28 (8).jpg,gallstones\1Gallstones\a28 (8).jpg,1200,900,JPEG,,
US_00708,,gallstones\1Gallstones\a28 (9).jpg,gallstones\1Gallstones\a28 (9).jpg,1200,900,JPEG,,
US_00709,,gallstones\1Gallstones\a29 (1).jpg,gallstones\1Gallstones\a29 (1).jpg,1200,900,JPEG,,
US_00710,,gallstones\1Gallstones\a29 (10).jpg,gallstones\1Gallstones\a29 (10).jpg,1200,900,JPEG,,
US_00711,,gallstones\1Gallstones\a29 (11).jpg,gallstones\1Gallstones\a29 (11).jpg,1200,900,JPEG,,
US_00712,,gallstones\1Gallstones\a29 (12).jpg,gallstones\1Gallstones\a29 (12).jpg,1200,900,JPEG,,
US_00713,,gallstones\1Gallstones\a29 (13).jpg,gallstones\1Gallstones\a29 (13).jpg,1200,900,JPEG,,
US_00714,,gallstones\1Gallstones\a29 (14).jpg,gallstones\1Gallstones\a29 (14).jpg,1200,900,JPEG,,
US_00715,,gallstones\1Gallstones\a29 (15).jpg,gallstones\1Gallstones\a29 (15).jpg,1200,900,JPEG,,
US_00716,,gallstones\1Gallstones\a29 (16).jpg,gallstones\1Gallstones\a29 (16).jpg,1200,900,JPEG,,
US_00717,,gallstones\1Gallstones\a29 (17).jpg,gallstones\1Gallstones\a29 (17).jpg,1200,900,JPEG,,
US_00718,,gallstones\1Gallstones\a29 (18).jpg,gallstones\1Gallstones\a29 (18).jpg,1200,900,JPEG,,
US_00719,,gallstones\1Gallstones\a29 (19).jpg,gallstones\1Gallstones\a29 (19).jpg,1200,900,JPEG,,
US_00720,,gallstones\1Gallstones\a29 (2).jpg,gallstones\1Gallstones\a29 (2).jpg,1200,900,JPEG,,
US_00721,,gallstones\1Gallstones\a29 (20).jpg,gallstones\1Gallstones\a29 (20).jpg,1200,900,JPEG,,
US_00722,,gallstones\1Gallstones\a29 (21).jpg,gallstones\1Gallstones\a29 (21).jpg,1200,900,JPEG,,
US_00723,,gallstones\1Gallstones\a29 (22).jpg,gallstones\1Gallstones\a29 (22).jpg,1200,900,JPEG,,
US_00724,,gallstones\1Gallstones\a29 (23).jpg,gallstones\1Gallstones\a29 (23).jpg,1200,900,JPEG,,
US_00725,,gallstones\1Gallstones\a29 (24).jpg,gallstones\1Gallstones\a29 (24).jpg,1200,900,JPEG,,
US_00726,,gallstones\1Gallstones\a29 (3).jpg,gallstones\1Gallstones\a29 (3).jpg,1200,900,JPEG,,
US_00727,,gallstones\1Gallstones\a29 (4).jpg,gallstones\1Gallstones\a29 (4).jpg,1200,900,JPEG,,
US_00728,,gallstones\1Gallstones\a29 (5).jpg,gallstones\1Gallstones\a29 (5).jpg,1200,900,JPEG,,
US_00729,,gallstones\1Gallstones\a29 (6).jpg,gallstones\1Gallstones\a29 (6).jpg,1200,900,JPEG,,
US_00730,,gallstones\1Gallstones\a29 (7).jpg,gallstones\1Gallstones\a29 (7).jpg,1200,900,JPEG,,
US_00731,,gallstones\1Gallstones\a29 (8).jpg,gallstones\1Gallstones\a29 (8).jpg,1200,900,JPEG,,
US_00732,,gallstones\1Gallstones\a29 (9).jpg,gallstones\1Gallstones\a29 (9).jpg,1200,900,JPEG,,
US_00733,,gallstones\1Gallstones\a3 (1).jpg,gallstones\1Gallstones\a3 (1).jpg,1200,900,JPEG,,
US_00734,,gallstones\1Gallstones\a3 (10).jpg,gallstones\1Gallstones\a3 (10).jpg,1200,900,JPEG,,
US_00735,,gallstones\1Gallstones\a3 (11).jpg,gallstones\1Gallstones\a3 (11).jpg,1200,900,JPEG,,
US_00736,,gallstones\1Gallstones\a3 (12).jpg,gallstones\1Gallstones\a3 (12).jpg,1200,900,JPEG,,
US_00737,,gallstones\1Gallstones\a3 (13).jpg,gallstones\1Gallstones\a3 (13).jpg,1200,900,JPEG,,
US_00738,,gallstones\1Gallstones\a3 (14).jpg,gallstones\1Gallstones\a3 (14).jpg,1200,900,JPEG,,
US_00739,,gallstones\1Gallstones\a3 (15).jpg,gallstones\1Gallstones\a3 (15).jpg,1200,900,JPEG,,
US_00740,,gallstones\1Gallstones\a3 (16).jpg,gallstones\1Gallstones\a3 (16).jpg,1200,900,JPEG,,
US_00741,,gallstones\1Gallstones\a3 (17).jpg,gallstones\1Gallstones\a3 (17).jpg,1200,900,JPEG,,
US_00742,,gallstones\1Gallstones\a3 (18).jpg,gallstones\1Gallstones\a3 (18).jpg,1200,900,JPEG,,
US_00743,,gallstones\1Gallstones\a3 (19).jpg,gallstones\1Gallstones\a3 (19).jpg,1200,900,JPEG,,
US_00744,,gallstones\1Gallstones\a3 (2).jpg,gallstones\1Gallstones\a3 (2).jpg,1200,900,JPEG,,
US_00745,,gallstones\1Gallstones\a3 (20).jpg,gallstones\1Gallstones\a3 (20).jpg,1200,900,JPEG,,
US_00746,,gallstones\1Gallstones\a3 (21).jpg,gallstones\1Gallstones\a3 (21).jpg,1200,900,JPEG,,
US_00747,,gallstones\1Gallstones\a3 (22).jpg,gallstones\1Gallstones\a3 (22).jpg,1200,900,JPEG,,
US_00748,,gallstones\1Gallstones\a3 (23).jpg,gallstones\1Gallstones\a3 (23).jpg,1200,900,JPEG,,
US_00749,,gallstones\1Gallstones\a3 (24).jpg,gallstones\1Gallstones\a3 (24).jpg,1200,900,JPEG,,
US_00750,,gallstones\1Gallstones\a3 (25).jpg,gallstones\1Gallstones\a3 (25).jpg,1200,900,JPEG,,
US_00751,,gallstones\1Gallstones\a3 (26).jpg,gallstones\1Gallstones\a3 (26).jpg,1200,900,JPEG,,
US_00752,,gallstones\1Gallstones\a3 (27).jpg,gallstones\1Gallstones\a3 (27).jpg,1200,900,JPEG,,
US_00753,,gallstones\1Gallstones\a3 (28).jpg,gallstones\1Gallstones\a3 (28).jpg,1200,900,JPEG,,
US_00754,,gallstones\1Gallstones\a3 (29).jpg,gallstones\1Gallstones\a3 (29).jpg,1200,900,JPEG,,
US_00755,,gallstones\1Gallstones\a3 (3).jpg,gallstones\1Gallstones\a3 (3).jpg,1200,900,JPEG,,
US_00756,,gallstones\1Gallstones\a3 (30).jpg,gallstones\1Gallstones\a3 (30).jpg,1200,900,JPEG,,
US_00757,,gallstones\1Gallstones\a3 (31).jpg,gallstones\1Gallstones\a3 (31).jpg,1200,900,JPEG,,
US_00758,,gallstones\1Gallstones\a3 (32).jpg,gallstones\1Gallstones\a3 (32).jpg,1200,900,JPEG,,
US_00759,,gallstones\1Gallstones\a3 (33).jpg,gallstones\1Gallstones\a3 (33).jpg,1200,900,JPEG,,
US_00760,,gallstones\1Gallstones\a3 (34).jpg,gallstones\1Gallstones\a3 (34).jpg,1200,900,JPEG,,
US_00761,,gallstones\1Gallstones\a3 (35).jpg,gallstones\1Gallstones\a3 (35).jpg,1200,900,JPEG,,
US_00762,,gallstones\1Gallstones\a3 (36).jpg,gallstones\1Gallstones\a3 (36).jpg,1200,900,JPEG,,
US_00763,,gallstones\1Gallstones\a3 (4).jpg,gallstones\1Gallstones\a3 (4).jpg,1200,900,JPEG,,
US_00764,,gallstones\1Gallstones\a3 (5).jpg,gallstones\1Gallstones\a3 (5).jpg,1200,900,JPEG,,
US_00765,,gallstones\1Gallstones\a3 (6).jpg,gallstones\1Gallstones\a3 (6).jpg,1200,900,JPEG,,
US_00766,,gallstones\1Gallstones\a3 (7).jpg,gallstones\1Gallstones\a3 (7).jpg,1200,900,JPEG,,
US_00767,,gallstones\1Gallstones\a3 (8).jpg,gallstones\1Gallstones\a3 (8).jpg,1200,900,JPEG,,
US_00768,,gallstones\1Gallstones\a3 (9).jpg,gallstones\1Gallstones\a3 (9).jpg,1200,900,JPEG,,
US_00769,,gallstones\1Gallstones\a30 (1).jpg,gallstones\1Gallstones\a30 (1).jpg,1200,900,JPEG,,
US_00770,,gallstones\1Gallstones\a30 (10).jpg,gallstones\1Gallstones\a30 (10).jpg,1200,900,JPEG,,
US_00771,,gallstones\1Gallstones\a30 (11).jpg,gallstones\1Gallstones\a30 (11).jpg,1200,900,JPEG,,
US_00772,,gallstones\1Gallstones\a30 (12).jpg,gallstones\1Gallstones\a30 (12).jpg,1200,900,JPEG,,
US_00773,,gallstones\1Gallstones\a30 (13).jpg,gallstones\1Gallstones\a30 (13).jpg,1200,900,JPEG,,
US_00774,,gallstones\1Gallstones\a30 (14).jpg,gallstones\1Gallstones\a30 (14).jpg,1200,900,JPEG,,
US_00775,,gallstones\1Gallstones\a30 (15).jpg,gallstones\1Gallstones\a30 (15).jpg,1200,900,JPEG,,
US_00776,,gallstones\1Gallstones\a30 (16).jpg,gallstones\1Gallstones\a30 (16).jpg,1200,900,JPEG,,
US_00777,,gallstones\1Gallstones\a30 (17).jpg,gallstones\1Gallstones\a30 (17).jpg,1200,900,JPEG,,
US_00778,,gallstones\1Gallstones\a30 (18).jpg,gallstones\1Gallstones\a30 (18).jpg,1200,900,JPEG,,
US_00779,,gallstones\1Gallstones\a30 (19).jpg,gallstones\1Gallstones\a30 (19).jpg,1200,900,JPEG,,
US_00780,,gallstones\1Gallstones\a30 (2).jpg,gallstones\1Gallstones\a30 (2).jpg,1200,900,JPEG,,
US_00781,,gallstones\1Gallstones\a30 (20).jpg,gallstones\1Gallstones\a30 (20).jpg,1200,900,JPEG,,
US_00782,,gallstones\1Gallstones\a30 (21).jpg,gallstones\1Gallstones\a30 (21).jpg,1200,900,JPEG,,
US_00783,,gallstones\1Gallstones\a30 (22).jpg,gallstones\1Gallstones\a30 (22).jpg,1200,900,JPEG,,
US_00784,,gallstones\1Gallstones\a30 (23).jpg,gallstones\1Gallstones\a30 (23).jpg,1200,900,JPEG,,
US_00785,,gallstones\1Gallstones\a30 (24).jpg,gallstones\1Gallstones\a30 (24).jpg,1200,900,JPEG,,
US_00786,,gallstones\1Gallstones\a30 (3).jpg,gallstones\1Gallstones\a30 (3).jpg,1200,900,JPEG,,
US_00787,,gallstones\1Gallstones\a30 (4).jpg,gallstones\1Gallstones\a30 (4).jpg,1200,900,JPEG,,
US_00788,,gallstones\1Gallstones\a30 (5).jpg,gallstones\1Gallstones\a30 (5).jpg,1200,900,JPEG,,
US_00789,,gallstones\1Gallstones\a30 (6).jpg,gallstones\1Gallstones\a30 (6).jpg,1200,900,JPEG,,
US_00790,,gallstones\1Gallstones\a30 (7).jpg,gallstones\1Gallstones\a30 (7).jpg,1200,900,JPEG,,
US_00791,,gallstones\1Gallstones\a30 (8).jpg,gallstones\1Gallstones\a30 (8).jpg,1200,900,JPEG,,
US_00792,,gallstones\1Gallstones\a30 (9).jpg,gallstones\1Gallstones\a30 (9).jpg,1200,900,JPEG,,
US_00793,,gallstones\1Gallstones\a31 (1).jpg,gallstones\1Gallstones\a31 (1).jpg,1200,900,JPEG,,
US_00794,,gallstones\1Gallstones\a31 (10).jpg,gallstones\1Gallstones\a31 (10).jpg,1200,900,JPEG,,
US_00795,,gallstones\1Gallstones\a31 (11).jpg,gallstones\1Gallstones\a31 (11).jpg,1200,900,JPEG,,
US_00796,,gallstones\1Gallstones\a31 (12).jpg,gallstones\1Gallstones\a31 (12).jpg,1200,900,JPEG,,
US_00797,,gallstones\1Gallstones\a31 (13).jpg,gallstones\1Gallstones\a31 (13).jpg,1200,900,JPEG,,
US_00798,,gallstones\1Gallstones\a31 (14).jpg,gallstones\1Gallstones\a31 (14).jpg,1200,900,JPEG,,
US_00799,,gallstones\1Gallstones\a31 (15).jpg,gallstones\1Gallstones\a31 (15).jpg,1200,900,JPEG,,
US_00800,,gallstones\1Gallstones\a31 (16).jpg,gallstones\1Gallstones\a31 (16).jpg,1200,900,JPEG,,
US_00801,,gallstones\1Gallstones\a31 (17).jpg,gallstones\1Gallstones\a31 (17).jpg,1200,900,JPEG,,
US_00802,,gallstones\1Gallstones\a31 (18).jpg,gallstones\1Gallstones\a31 (18).jpg,1200,900,JPEG,,
US_00803,,gallstones\1Gallstones\a31 (19).jpg,gallstones\1Gallstones\a31 (19).jpg,1200,900,JPEG,,
US_00804,,gallstones\1Gallstones\a31 (2).jpg,gallstones\1Gallstones\a31 (2).jpg,1200,900,JPEG,,
US_00805,,gallstones\1Gallstones\a31 (20).jpg,gallstones\1Gallstones\a31 (20).jpg,1200,900,JPEG,,
US_00806,,gallstones\1Gallstones\a31 (21).jpg,gallstones\1Gallstones\a31 (21).jpg,1200,900,JPEG,,
US_00807,,gallstones\1Gallstones\a31 (22).jpg,gallstones\1Gallstones\a31 (22).jpg,1200,900,JPEG,,
US_00808,,gallstones\1Gallstones\a31 (23).jpg,gallstones\1Gallstones\a31 (23).jpg,1200,900,JPEG,,
US_00809,,gallstones\1Gallstones\a31 (24).jpg,gallstones\1Gallstones\a31 (24).jpg,1200,900,JPEG,,
US_00810,,gallstones\1Gallstones\a31 (25).jpg,gallstones\1Gallstones\a31 (25).jpg,1200,900,JPEG,,
US_00811,,gallstones\1Gallstones\a31 (26).jpg,gallstones\1Gallstones\a31 (26).jpg,1200,900,JPEG,,
US_00812,,gallstones\1Gallstones\a31 (27).jpg,gallstones\1Gallstones\a31 (27).jpg,1200,900,JPEG,,
US_00813,,gallstones\1Gallstones\a31 (28).jpg,gallstones\1Gallstones\a31 (28).jpg,1200,900,JPEG,,
US_00814,,gallstones\1Gallstones\a31 (29).jpg,gallstones\1Gallstones\a31 (29).jpg,1200,900,JPEG,,
US_00815,,gallstones\1Gallstones\a31 (3).jpg,gallstones\1Gallstones\a31 (3).jpg,1200,900,JPEG,,
US_00816,,gallstones\1Gallstones\a31 (30).jpg,gallstones\1Gallstones\a31 (30).jpg,1200,900,JPEG,,
US_00817,,gallstones\1Gallstones\a31 (31).jpg,gallstones\1Gallstones\a31 (31).jpg,1200,900,JPEG,,
US_00818,,gallstones\1Gallstones\a31 (32).jpg,gallstones\1Gallstones\a31 (32).jpg,1200,900,JPEG,,
US_00819,,gallstones\1Gallstones\a31 (33).jpg,gallstones\1Gallstones\a31 (33).jpg,1200,900,JPEG,,
US_00820,,gallstones\1Gallstones\a31 (34).jpg,gallstones\1Gallstones\a31 (34).jpg,1200,900,JPEG,,
US_00821,,gallstones\1Gallstones\a31 (35).jpg,gallstones\1Gallstones\a31 (35).jpg,1200,900,JPEG,,
US_00822,,gallstones\1Gallstones\a31 (36).jpg,gallstones\1Gallstones\a31 (36).jpg,1200,900,JPEG,,
US_00823,,gallstones\1Gallstones\a31 (37).jpg,gallstones\1Gallstones\a31 (37).jpg,1200,900,JPEG,,
US_00824,,gallstones\1Gallstones\a31 (38).jpg,gallstones\1Gallstones\a31 (38).jpg,1200,900,JPEG,,
US_00825,,gallstones\1Gallstones\a31 (39).jpg,gallstones\1Gallstones\a31 (39).jpg,1200,900,JPEG,,
US_00826,,gallstones\1Gallstones\a31 (4).jpg,gallstones\1Gallstones\a31 (4).jpg,1200,900,JPEG,,
US_00827,,gallstones\1Gallstones\a31 (40).jpg,gallstones\1Gallstones\a31 (40).jpg,1200,900,JPEG,,
US_00828,,gallstones\1Gallstones\a31 (41).jpg,gallstones\1Gallstones\a31 (41).jpg,1200,900,JPEG,,
US_00829,,gallstones\1Gallstones\a31 (42).jpg,gallstones\1Gallstones\a31 (42).jpg,1200,900,JPEG,,
US_00830,,gallstones\1Gallstones\a31 (5).jpg,gallstones\1Gallstones\a31 (5).jpg,1200,900,JPEG,,
US_00831,,gallstones\1Gallstones\a31 (6).jpg,gallstones\1Gallstones\a31 (6).jpg,1200,900,JPEG,,
US_00832,,gallstones\1Gallstones\a31 (7).jpg,gallstones\1Gallstones\a31 (7).jpg,1200,900,JPEG,,
US_00833,,gallstones\1Gallstones\a31 (8).jpg,gallstones\1Gallstones\a31 (8).jpg,1200,900,JPEG,,
US_00834,,gallstones\1Gallstones\a31 (9).jpg,gallstones\1Gallstones\a31 (9).jpg,1200,900,JPEG,,
US_00835,,gallstones\1Gallstones\a32 (1).jpg,gallstones\1Gallstones\a32 (1).jpg,1200,900,JPEG,,
US_00836,,gallstones\1Gallstones\a32 (10).jpg,gallstones\1Gallstones\a32 (10).jpg,1200,900,JPEG,,
US_00837,,gallstones\1Gallstones\a32 (100).jpg,gallstones\1Gallstones\a32 (100).jpg,1200,900,JPEG,,
US_00838,,gallstones\1Gallstones\a32 (101).jpg,gallstones\1Gallstones\a32 (101).jpg,1200,900,JPEG,,
US_00839,,gallstones\1Gallstones\a32 (102).jpg,gallstones\1Gallstones\a32 (102).jpg,1200,900,JPEG,,
US_00840,,gallstones\1Gallstones\a32 (103).jpg,gallstones\1Gallstones\a32 (103).jpg,1200,900,JPEG,,
US_00841,,gallstones\1Gallstones\a32 (104).jpg,gallstones\1Gallstones\a32 (104).jpg,1200,900,JPEG,,
US_00842,,gallstones\1Gallstones\a32 (105).jpg,gallstones\1Gallstones\a32 (105).jpg,1200,900,JPEG,,
US_00843,,gallstones\1Gallstones\a32 (106).jpg,gallstones\1Gallstones\a32 (106).jpg,1200,900,JPEG,,
US_00844,,gallstones\1Gallstones\a32 (107).jpg,gallstones\1Gallstones\a32 (107).jpg,1200,900,JPEG,,
US_00845,,gallstones\1Gallstones\a32 (108).jpg,gallstones\1Gallstones\a32 (108).jpg,1200,900,JPEG,,
US_00846,,gallstones\1Gallstones\a32 (109).jpg,gallstones\1Gallstones\a32 (109).jpg,1200,900,JPEG,,
US_00847,,gallstones\1Gallstones\a32 (11).jpg,gallstones\1Gallstones\a32 (11).jpg,1200,900,JPEG,,
US_00848,,gallstones\1Gallstones\a32 (110).jpg,gallstones\1Gallstones\a32 (110).jpg,1200,900,JPEG,,
US_00849,,gallstones\1Gallstones\a32 (111).jpg,gallstones\1Gallstones\a32 (111).jpg,1200,900,JPEG,,
US_00850,,gallstones\1Gallstones\a32 (112).jpg,gallstones\1Gallstones\a32 (112).jpg,1200,900,JPEG,,
US_00851,,gallstones\1Gallstones\a32 (113).jpg,gallstones\1Gallstones\a32 (113).jpg,1200,900,JPEG,,
US_00852,,gallstones\1Gallstones\a32 (114).jpg,gallstones\1Gallstones\a32 (114).jpg,1200,900,JPEG,,
US_00853,,gallstones\1Gallstones\a32 (115).jpg,gallstones\1Gallstones\a32 (115).jpg,1200,900,JPEG,,
US_00854,,gallstones\1Gallstones\a32 (116).jpg,gallstones\1Gallstones\a32 (116).jpg,1200,900,JPEG,,
US_00855,,gallstones\1Gallstones\a32 (117).jpg,gallstones\1Gallstones\a32 (117).jpg,1200,900,JPEG,,
US_00856,,gallstones\1Gallstones\a32 (118).jpg,gallstones\1Gallstones\a32 (118).jpg,1200,900,JPEG,,
US_00857,,gallstones\1Gallstones\a32 (119).jpg,gallstones\1Gallstones\a32 (119).jpg,1200,900,JPEG,,
US_00858,,gallstones\1Gallstones\a32 (12).jpg,gallstones\1Gallstones\a32 (12).jpg,1200,900,JPEG,,
US_00859,,gallstones\1Gallstones\a32 (120).jpg,gallstones\1Gallstones\a32 (120).jpg,1200,900,JPEG,,
US_00860,,gallstones\1Gallstones\a32 (121).jpg,gallstones\1Gallstones\a32 (121).jpg,1200,900,JPEG,,
US_00861,,gallstones\1Gallstones\a32 (122).jpg,gallstones\1Gallstones\a32 (122).jpg,1200,900,JPEG,,
US_00862,,gallstones\1Gallstones\a32 (123).jpg,gallstones\1Gallstones\a32 (123).jpg,1200,900,JPEG,,
US_00863,,gallstones\1Gallstones\a32 (124).jpg,gallstones\1Gallstones\a32 (124).jpg,1200,900,JPEG,,
US_00864,,gallstones\1Gallstones\a32 (125).jpg,gallstones\1Gallstones\a32 (125).jpg,1200,900,JPEG,,
US_00865,,gallstones\1Gallstones\a32 (126).jpg,gallstones\1Gallstones\a32 (126).jpg,1200,900,JPEG,,
US_00866,,gallstones\1Gallstones\a32 (127).jpg,gallstones\1Gallstones\a32 (127).jpg,1200,900,JPEG,,
US_00867,,gallstones\1Gallstones\a32 (128).jpg,gallstones\1Gallstones\a32 (128).jpg,1200,900,JPEG,,
US_00868,,gallstones\1Gallstones\a32 (129).jpg,gallstones\1Gallstones\a32 (129).jpg,1200,900,JPEG,,
US_00869,,gallstones\1Gallstones\a32 (13).jpg,gallstones\1Gallstones\a32 (13).jpg,1200,900,JPEG,,
US_00870,,gallstones\1Gallstones\a32 (130).jpg,gallstones\1Gallstones\a32 (130).jpg,1200,900,JPEG,,
US_00871,,gallstones\1Gallstones\a32 (131).jpg,gallstones\1Gallstones\a32 (131).jpg,1200,900,JPEG,,
US_00872,,gallstones\1Gallstones\a32 (132).jpg,gallstones\1Gallstones\a32 (132).jpg,1200,900,JPEG,,
US_00873,,gallstones\1Gallstones\a32 (133).jpg,gallstones\1Gallstones\a32 (133).jpg,1200,900,JPEG,,
US_00874,,gallstones\1Gallstones\a32 (134).jpg,gallstones\1Gallstones\a32 (134).jpg,1200,900,JPEG,,
US_00875,,gallstones\1Gallstones\a32 (135).jpg,gallstones\1Gallstones\a32 (135).jpg,1200,900,JPEG,,
US_00876,,gallstones\1Gallstones\a32 (136).jpg,gallstones\1Gallstones\a32 (136).jpg,1200,900,JPEG,,
US_00877,,gallstones\1Gallstones\a32 (137).jpg,gallstones\1Gallstones\a32 (137).jpg,1200,900,JPEG,,
US_00878,,gallstones\1Gallstones\a32 (138).jpg,gallstones\1Gallstones\a32 (138).jpg,1200,900,JPEG,,
US_00879,,gallstones\1Gallstones\a32 (139).jpg,gallstones\1Gallstones\a32 (139).jpg,1200,900,JPEG,,
US_00880,,gallstones\1Gallstones\a32 (14).jpg,gallstones\1Gallstones\a32 (14).jpg,1200,900,JPEG,,
US_00881,,gallstones\1Gallstones\a32 (140).jpg,gallstones\1Gallstones\a32 (140).jpg,1200,900,JPEG,,
US_00882,,gallstones\1Gallstones\a32 (141).jpg,gallstones\1Gallstones\a32 (141).jpg,1200,900,JPEG,,
US_00883,,gallstones\1Gallstones\a32 (142).jpg,gallstones\1Gallstones\a32 (142).jpg,1200,900,JPEG,,
US_00884,,gallstones\1Gallstones\a32 (143).jpg,gallstones\1Gallstones\a32 (143).jpg,1200,900,JPEG,,
US_00885,,gallstones\1Gallstones\a32 (144).jpg,gallstones\1Gallstones\a32 (144).jpg,1200,900,JPEG,,
US_00886,,gallstones\1Gallstones\a32 (145).jpg,gallstones\1Gallstones\a32 (145).jpg,1200,900,JPEG,,
US_00887,,gallstones\1Gallstones\a32 (146).jpg,gallstones\1Gallstones\a32 (146).jpg,1200,900,JPEG,,
US_00888,,gallstones\1Gallstones\a32 (147).jpg,gallstones\1Gallstones\a32 (147).jpg,1200,900,JPEG,,
US_00889,,gallstones\1Gallstones\a32 (148).jpg,gallstones\1Gallstones\a32 (148).jpg,1200,900,JPEG,,
US_00890,,gallstones\1Gallstones\a32 (149).jpg,gallstones\1Gallstones\a32 (149).jpg,1200,900,JPEG,,
US_00891,,gallstones\1Gallstones\a32 (15).jpg,gallstones\1Gallstones\a32 (15).jpg,1200,900,JPEG,,
US_00892,,gallstones\1Gallstones\a32 (150).jpg,gallstones\1Gallstones\a32 (150).jpg,1200,900,JPEG,,
US_00893,,gallstones\1Gallstones\a32 (151).jpg,gallstones\1Gallstones\a32 (151).jpg,1200,900,JPEG,,
US_00894,,gallstones\1Gallstones\a32 (152).jpg,gallstones\1Gallstones\a32 (152).jpg,1200,900,JPEG,,
US_00895,,gallstones\1Gallstones\a32 (153).jpg,gallstones\1Gallstones\a32 (153).jpg,1200,900,JPEG,,
US_00896,,gallstones\1Gallstones\a32 (154).jpg,gallstones\1Gallstones\a32 (154).jpg,1200,900,JPEG,,
US_00897,,gallstones\1Gallstones\a32 (155).jpg,gallstones\1Gallstones\a32 (155).jpg,1200,900,JPEG,,
US_00898,,gallstones\1Gallstones\a32 (156).jpg,gallstones\1Gallstones\a32 (156).jpg,1200,900,JPEG,,
US_00899,,gallstones\1Gallstones\a32 (157).jpg,gallstones\1Gallstones\a32 (157).jpg,1200,900,JPEG,,
US_00900,,gallstones\1Gallstones\a32 (158).jpg,gallstones\1Gallstones\a32 (158).jpg,1200,900,JPEG,,
US_00901,,gallstones\1Gallstones\a32 (159).jpg,gallstones\1Gallstones\a32 (159).jpg,1200,900,JPEG,,
US_00902,,gallstones\1Gallstones\a32 (16).jpg,gallstones\1Gallstones\a32 (16).jpg,1200,900,JPEG,,
US_00903,,gallstones\1Gallstones\a32 (160).jpg,gallstones\1Gallstones\a32 (160).jpg,1200,900,JPEG,,
US_00904,,gallstones\1Gallstones\a32 (161).jpg,gallstones\1Gallstones\a32 (161).jpg,1200,900,JPEG,,
US_00905,,gallstones\1Gallstones\a32 (162).jpg,gallstones\1Gallstones\a32 (162).jpg,1200,900,JPEG,,
US_00906,,gallstones\1Gallstones\a32 (163).jpg,gallstones\1Gallstones\a32 (163).jpg,1200,900,JPEG,,
US_00907,,gallstones\1Gallstones\a32 (164).jpg,gallstones\1Gallstones\a32 (164).jpg,1200,900,JPEG,,
US_00908,,gallstones\1Gallstones\a32 (165).jpg,gallstones\1Gallstones\a32 (165).jpg,1200,900,JPEG,,
US_00909,,gallstones\1Gallstones\a32 (166).jpg,gallstones\1Gallstones\a32 (166).jpg,1200,900,JPEG,,
US_00910,,gallstones\1Gallstones\a32 (167).jpg,gallstones\1Gallstones\a32 (167).jpg,1200,900,JPEG,,
US_00911,,gallstones\1Gallstones\a32 (168).jpg,gallstones\1Gallstones\a32 (168).jpg,1200,900,JPEG,,
US_00912,,gallstones\1Gallstones\a32 (169).jpg,gallstones\1Gallstones\a32 (169).jpg,1200,900,JPEG,,
US_00913,,gallstones\1Gallstones\a32 (17).jpg,gallstones\1Gallstones\a32 (17).jpg,1200,900,JPEG,,
US_00914,,gallstones\1Gallstones\a32 (170).jpg,gallstones\1Gallstones\a32 (170).jpg,1200,900,JPEG,,
US_00915,,gallstones\1Gallstones\a32 (171).jpg,gallstones\1Gallstones\a32 (171).jpg,1200,900,JPEG,,
US_00916,,gallstones\1Gallstones\a32 (172).jpg,gallstones\1Gallstones\a32 (172).jpg,1200,900,JPEG,,
US_00917,,gallstones\1Gallstones\a32 (173).jpg,gallstones\1Gallstones\a32 (173).jpg,1200,900,JPEG,,
US_00918,,gallstones\1Gallstones\a32 (174).jpg,gallstones\1Gallstones\a32 (174).jpg,1200,900,JPEG,,
US_00919,,gallstones\1Gallstones\a32 (175).jpg,gallstones\1Gallstones\a32 (175).jpg,1200,900,JPEG,,
US_00920,,gallstones\1Gallstones\a32 (176).jpg,gallstones\1Gallstones\a32 (176).jpg,1200,900,JPEG,,
US_00921,,gallstones\1Gallstones\a32 (177).jpg,gallstones\1Gallstones\a32 (177).jpg,1200,900,JPEG,,
US_00922,,gallstones\1Gallstones\a32 (178).jpg,gallstones\1Gallstones\a32 (178).jpg,1200,900,JPEG,,
US_00923,,gallstones\1Gallstones\a32 (179).jpg,gallstones\1Gallstones\a32 (179).jpg,1200,900,JPEG,,
US_00924,,gallstones\1Gallstones\a32 (18).jpg,gallstones\1Gallstones\a32 (18).jpg,1200,900,JPEG,,
US_00925,,gallstones\1Gallstones\a32 (180).jpg,gallstones\1Gallstones\a32 (180).jpg,1200,900,JPEG,,
US_00926,,gallstones\1Gallstones\a32 (181).jpg,gallstones\1Gallstones\a32 (181).jpg,1200,900,JPEG,,
US_00927,,gallstones\1Gallstones\a32 (182).jpg,gallstones\1Gallstones\a32 (182).jpg,1200,900,JPEG,,
US_00928,,gallstones\1Gallstones\a32 (183).jpg,gallstones\1Gallstones\a32 (183).jpg,1200,900,JPEG,,
US_00929,,gallstones\1Gallstones\a32 (184).jpg,gallstones\1Gallstones\a32 (184).jpg,1200,900,JPEG,,
US_00930,,gallstones\1Gallstones\a32 (185).jpg,gallstones\1Gallstones\a32 (185).jpg,1200,900,JPEG,,
US_00931,,gallstones\1Gallstones\a32 (186).jpg,gallstones\1Gallstones\a32 (186).jpg,1200,900,JPEG,,
US_00932,,gallstones\1Gallstones\a32 (187).jpg,gallstones\1Gallstones\a32 (187).jpg,1200,900,JPEG,,
US_00933,,gallstones\1Gallstones\a32 (188).jpg,gallstones\1Gallstones\a32 (188).jpg,1200,900,JPEG,,
US_00934,,gallstones\1Gallstones\a32 (189).jpg,gallstones\1Gallstones\a32 (189).jpg,1200,900,JPEG,,
US_00935,,gallstones\1Gallstones\a32 (19).jpg,gallstones\1Gallstones\a32 (19).jpg,1200,900,JPEG,,
US_00936,,gallstones\1Gallstones\a32 (190).jpg,gallstones\1Gallstones\a32 (190).jpg,1200,900,JPEG,,
US_00937,,gallstones\1Gallstones\a32 (191).jpg,gallstones\1Gallstones\a32 (191).jpg,1200,900,JPEG,,
US_00938,,gallstones\1Gallstones\a32 (192).jpg,gallstones\1Gallstones\a32 (192).jpg,1200,900,JPEG,,
US_00939,,gallstones\1Gallstones\a32 (193).jpg,gallstones\1Gallstones\a32 (193).jpg,1200,900,JPEG,,
US_00940,,gallstones\1Gallstones\a32 (194).jpg,gallstones\1Gallstones\a32 (194).jpg,1200,900,JPEG,,
US_00941,,gallstones\1Gallstones\a32 (195).jpg,gallstones\1Gallstones\a32 (195).jpg,1200,900,JPEG,,
US_00942,,gallstones\1Gallstones\a32 (196).jpg,gallstones\1Gallstones\a32 (196).jpg,1200,900,JPEG,,
US_00943,,gallstones\1Gallstones\a32 (197).jpg,gallstones\1Gallstones\a32 (197).jpg,1200,900,JPEG,,
US_00944,,gallstones\1Gallstones\a32 (198).jpg,gallstones\1Gallstones\a32 (198).jpg,1200,900,JPEG,,
US_00945,,gallstones\1Gallstones\a32 (199).jpg,gallstones\1Gallstones\a32 (199).jpg,1200,900,JPEG,,
US_00946,,gallstones\1Gallstones\a32 (2).jpg,gallstones\1Gallstones\a32 (2).jpg,1200,900,JPEG,,
US_00947,,gallstones\1Gallstones\a32 (20).jpg,gallstones\1Gallstones\a32 (20).jpg,1200,900,JPEG,,
US_00948,,gallstones\1Gallstones\a32 (200).jpg,gallstones\1Gallstones\a32 (200).jpg,1200,900,JPEG,,
US_00949,,gallstones\1Gallstones\a32 (201).jpg,gallstones\1Gallstones\a32 (201).jpg,1200,900,JPEG,,
US_00950,,gallstones\1Gallstones\a32 (202).jpg,gallstones\1Gallstones\a32 (202).jpg,1200,900,JPEG,,
US_00951,,gallstones\1Gallstones\a32 (203).jpg,gallstones\1Gallstones\a32 (203).jpg,1200,900,JPEG,,
US_00952,,gallstones\1Gallstones\a32 (204).jpg,gallstones\1Gallstones\a32 (204).jpg,1200,900,JPEG,,
US_00953,,gallstones\1Gallstones\a32 (205).jpg,gallstones\1Gallstones\a32 (205).jpg,1200,900,JPEG,,
US_00954,,gallstones\1Gallstones\a32 (206).jpg,gallstones\1Gallstones\a32 (206).jpg,1200,900,JPEG,,
US_00955,,gallstones\1Gallstones\a32 (207).jpg,gallstones\1Gallstones\a32 (207).jpg,1200,900,JPEG,,
US_00956,,gallstones\1Gallstones\a32 (208).jpg,gallstones\1Gallstones\a32 (208).jpg,1200,900,JPEG,,
US_00957,,gallstones\1Gallstones\a32 (209).jpg,gallstones\1Gallstones\a32 (209).jpg,1200,900,JPEG,,
US_00958,,gallstones\1Gallstones\a32 (21).jpg,gallstones\1Gallstones\a32 (21).jpg,1200,900,JPEG,,
US_00959,,gallstones\1Gallstones\a32 (210).jpg,gallstones\1Gallstones\a32 (210).jpg,1200,900,JPEG,,
US_00960,,gallstones\1Gallstones\a32 (211).jpg,gallstones\1Gallstones\a32 (211).jpg,1200,900,JPEG,,
US_00961,,gallstones\1Gallstones\a32 (212).jpg,gallstones\1Gallstones\a32 (212).jpg,1200,900,JPEG,,
US_00962,,gallstones\1Gallstones\a32 (213).jpg,gallstones\1Gallstones\a32 (213).jpg,1200,900,JPEG,,
US_00963,,gallstones\1Gallstones\a32 (214).jpg,gallstones\1Gallstones\a32 (214).jpg,1200,900,JPEG,,
US_00964,,gallstones\1Gallstones\a32 (215).jpg,gallstones\1Gallstones\a32 (215).jpg,1200,900,JPEG,,
US_00965,,gallstones\1Gallstones\a32 (216).jpg,gallstones\1Gallstones\a32 (216).jpg,1200,900,JPEG,,
US_00966,,gallstones\1Gallstones\a32 (217).jpg,gallstones\1Gallstones\a32 (217).jpg,1200,900,JPEG,,
US_00967,,gallstones\1Gallstones\a32 (218).jpg,gallstones\1Gallstones\a32 (218).jpg,1200,900,JPEG,,
US_00968,,gallstones\1Gallstones\a32 (219).jpg,gallstones\1Gallstones\a32 (219).jpg,1200,900,JPEG,,
US_00969,,gallstones\1Gallstones\a32 (22).jpg,gallstones\1Gallstones\a32 (22).jpg,1200,900,JPEG,,
US_00970,,gallstones\1Gallstones\a32 (220).jpg,gallstones\1Gallstones\a32 (220).jpg,1200,900,JPEG,,
US_00971,,gallstones\1Gallstones\a32 (221).jpg,gallstones\1Gallstones\a32 (221).jpg,1200,900,JPEG,,
US_00972,,gallstones\1Gallstones\a32 (222).jpg,gallstones\1Gallstones\a32 (222).jpg,1200,900,JPEG,,
US_00973,,gallstones\1Gallstones\a32 (223).jpg,gallstones\1Gallstones\a32 (223).jpg,1200,900,JPEG,,
US_00974,,gallstones\1Gallstones\a32 (224).jpg,gallstones\1Gallstones\a32 (224).jpg,1200,900,JPEG,,
US_00975,,gallstones\1Gallstones\a32 (225).jpg,gallstones\1Gallstones\a32 (225).jpg,1200,900,JPEG,,
US_00976,,gallstones\1Gallstones\a32 (226).jpg,gallstones\1Gallstones\a32 (226).jpg,1200,900,JPEG,,
US_00977,,gallstones\1Gallstones\a32 (227).jpg,gallstones\1Gallstones\a32 (227).jpg,1200,900,JPEG,,
US_00978,,gallstones\1Gallstones\a32 (228).jpg,gallstones\1Gallstones\a32 (228).jpg,1200,900,JPEG,,
US_00979,,gallstones\1Gallstones\a32 (23).jpg,gallstones\1Gallstones\a32 (23).jpg,1200,900,JPEG,,
US_00980,,gallstones\1Gallstones\a32 (24).jpg,gallstones\1Gallstones\a32 (24).jpg,1200,900,JPEG,,
US_00981,,gallstones\1Gallstones\a32 (25).jpg,gallstones\1Gallstones\a32 (25).jpg,1200,900,JPEG,,
US_00982,,gallstones\1Gallstones\a32 (26).jpg,gallstones\1Gallstones\a32 (26).jpg,1200,900,JPEG,,
US_00983,,gallstones\1Gallstones\a32 (27).jpg,gallstones\1Gallstones\a32 (27).jpg,1200,900,JPEG,,
US_00984,,gallstones\1Gallstones\a32 (28).jpg,gallstones\1Gallstones\a32 (28).jpg,1200,900,JPEG,,
US_00985,,gallstones\1Gallstones\a32 (29).jpg,gallstones\1Gallstones\a32 (29).jpg,1200,900,JPEG,,
US_00986,,gallstones\1Gallstones\a32 (3).jpg,gallstones\1Gallstones\a32 (3).jpg,1200,900,JPEG,,
US_00987,,gallstones\1Gallstones\a32 (30).jpg,gallstones\1Gallstones\a32 (30).jpg,1200,900,JPEG,,
US_00988,,gallstones\1Gallstones\a32 (31).jpg,gallstones\1Gallstones\a32 (31).jpg,1200,900,JPEG,,
US_00989,,gallstones\1Gallstones\a32 (32).jpg,gallstones\1Gallstones\a32 (32).jpg,1200,900,JPEG,,
US_00990,,gallstones\1Gallstones\a32 (33).jpg,gallstones\1Gallstones\a32 (33).jpg,1200,900,JPEG,,
US_00991,,gallstones\1Gallstones\a32 (34).jpg,gallstones\1Gallstones\a32 (34).jpg,1200,900,JPEG,,
US_00992,,gallstones\1Gallstones\a32 (35).jpg,gallstones\1Gallstones\a32 (35).jpg,1200,900,JPEG,,
US_00993,,gallstones\1Gallstones\a32 (36).jpg,gallstones\1Gallstones\a32 (36).jpg,1200,900,JPEG,,
US_00994,,gallstones\1Gallstones\a32 (37).jpg,gallstones\1Gallstones\a32 (37).jpg,1200,900,JPEG,,
US_00995,,gallstones\1Gallstones\a32 (38).jpg,gallstones\1Gallstones\a32 (38).jpg,1200,900,JPEG,,
US_00996,,gallstones\1Gallstones\a32 (39).jpg,gallstones\1Gallstones\a32 (39).jpg,1200,900,JPEG,,
US_00997,,gallstones\1Gallstones\a32 (4).jpg,gallstones\1Gallstones\a32 (4).jpg,1200,900,JPEG,,
US_00998,,gallstones\1Gallstones\a32 (40).jpg,gallstones\1Gallstones\a32 (40).jpg,1200,900,JPEG,,
US_00999,,gallstones\1Gallstones\a32 (41).jpg,gallstones\1Gallstones\a32 (41).jpg,1200,900,JPEG,,
US_01000,,gallstones\1Gallstones\a32 (42).jpg,gallstones\1Gallstones\a32 (42).jpg,1200,900,JPEG,,
US_01001,,gallstones\1Gallstones\a32 (43).jpg,gallstones\1Gallstones\a32 (43).jpg,1200,900,JPEG,,
US_01002,,gallstones\1Gallstones\a32 (44).jpg,gallstones\1Gallstones\a32 (44).jpg,1200,900,JPEG,,
US_01003,,gallstones\1Gallstones\a32 (45).jpg,gallstones\1Gallstones\a32 (45).jpg,1200,900,JPEG,,
US_01004,,gallstones\1Gallstones\a32 (46).jpg,gallstones\1Gallstones\a32 (46).jpg,1200,900,JPEG,,
US_01005,,gallstones\1Gallstones\a32 (47).jpg,gallstones\1Gallstones\a32 (47).jpg,1200,900,JPEG,,
US_01006,,gallstones\1Gallstones\a32 (48).jpg,gallstones\1Gallstones\a32 (48).jpg,1200,900,JPEG,,
US_01007,,gallstones\1Gallstones\a32 (49).jpg,gallstones\1Gallstones\a32 (49).jpg,1200,900,JPEG,,
US_01008,,gallstones\1Gallstones\a32 (5).jpg,gallstones\1Gallstones\a32 (5).jpg,1200,900,JPEG,,
US_01009,,gallstones\1Gallstones\a32 (50).jpg,gallstones\1Gallstones\a32 (50).jpg,1200,900,JPEG,,
US_01010,,gallstones\1Gallstones\a32 (51).jpg,gallstones\1Gallstones\a32 (51).jpg,1200,900,JPEG,,
US_01011,,gallstones\1Gallstones\a32 (52).jpg,gallstones\1Gallstones\a32 (52).jpg,1200,900,JPEG,,
US_01012,,gallstones\1Gallstones\a32 (53).jpg,gallstones\1Gallstones\a32 (53).jpg,1200,900,JPEG,,
US_01013,,gallstones\1Gallstones\a32 (54).jpg,gallstones\1Gallstones\a32 (54).jpg,1200,900,JPEG,,
US_01014,,gallstones\1Gallstones\a32 (55).jpg,gallstones\1Gallstones\a32 (55).jpg,1200,900,JPEG,,
US_01015,,gallstones\1Gallstones\a32 (56).jpg,gallstones\1Gallstones\a32 (56).jpg,1200,900,JPEG,,
US_01016,,gallstones\1Gallstones\a32 (57).jpg,gallstones\1Gallstones\a32 (57).jpg,1200,900,JPEG,,
US_01017,,gallstones\1Gallstones\a32 (58).jpg,gallstones\1Gallstones\a32 (58).jpg,1200,900,JPEG,,
US_01018,,gallstones\1Gallstones\a32 (59).jpg,gallstones\1Gallstones\a32 (59).jpg,1200,900,JPEG,,
US_01019,,gallstones\1Gallstones\a32 (6).jpg,gallstones\1Gallstones\a32 (6).jpg,1200,900,JPEG,,
US_01020,,gallstones\1Gallstones\a32 (60).jpg,gallstones\1Gallstones\a32 (60).jpg,1200,900,JPEG,,
US_01021,,gallstones\1Gallstones\a32 (61).jpg,gallstones\1Gallstones\a32 (61).jpg,1200,900,JPEG,,
US_01022,,gallstones\1Gallstones\a32 (62).jpg,gallstones\1Gallstones\a32 (62).jpg,1200,900,JPEG,,
US_01023,,gallstones\1Gallstones\a32 (63).jpg,gallstones\1Gallstones\a32 (63).jpg,1200,900,JPEG,,
US_01024,,gallstones\1Gallstones\a32 (64).jpg,gallstones\1Gallstones\a32 (64).jpg,1200,900,JPEG,,
US_01025,,gallstones\1Gallstones\a32 (65).jpg,gallstones\1Gallstones\a32 (65).jpg,1200,900,JPEG,,
US_01026,,gallstones\1Gallstones\a32 (66).jpg,gallstones\1Gallstones\a32 (66).jpg,1200,900,JPEG,,
US_01027,,gallstones\1Gallstones\a32 (67).jpg,gallstones\1Gallstones\a32 (67).jpg,1200,900,JPEG,,
US_01028,,gallstones\1Gallstones\a32 (68).jpg,gallstones\1Gallstones\a32 (68).jpg,1200,900,JPEG,,
US_01029,,gallstones\1Gallstones\a32 (69).jpg,gallstones\1Gallstones\a32 (69).jpg,1200,900,JPEG,,
US_01030,,gallstones\1Gallstones\a32 (7).jpg,gallstones\1Gallstones\a32 (7).jpg,1200,900,JPEG,,
US_01031,,gallstones\1Gallstones\a32 (70).jpg,gallstones\1Gallstones\a32 (70).jpg,1200,900,JPEG,,
US_01032,,gallstones\1Gallstones\a32 (71).jpg,gallstones\1Gallstones\a32 (71).jpg,1200,900,JPEG,,
US_01033,,gallstones\1Gallstones\a32 (72).jpg,gallstones\1Gallstones\a32 (72).jpg,1200,900,JPEG,,
US_01034,,gallstones\1Gallstones\a32 (73).jpg,gallstones\1Gallstones\a32 (73).jpg,1200,900,JPEG,,
US_01035,,gallstones\1Gallstones\a32 (74).jpg,gallstones\1Gallstones\a32 (74).jpg,1200,900,JPEG,,
US_01036,,gallstones\1Gallstones\a32 (75).jpg,gallstones\1Gallstones\a32 (75).jpg,1200,900,JPEG,,
US_01037,,gallstones\1Gallstones\a32 (76).jpg,gallstones\1Gallstones\a32 (76).jpg,1200,900,JPEG,,
US_01038,,gallstones\1Gallstones\a32 (77).jpg,gallstones\1Gallstones\a32 (77).jpg,1200,900,JPEG,,
US_01039,,gallstones\1Gallstones\a32 (78).jpg,gallstones\1Gallstones\a32 (78).jpg,1200,900,JPEG,,
US_01040,,gallstones\1Gallstones\a32 (79).jpg,gallstones\1Gallstones\a32 (79).jpg,1200,900,JPEG,,
US_01041,,gallstones\1Gallstones\a32 (8).jpg,gallstones\1Gallstones\a32 (8).jpg,1200,900,JPEG,,
US_01042,,gallstones\1Gallstones\a32 (80).jpg,gallstones\1Gallstones\a32 (80).jpg,1200,900,JPEG,,
US_01043,,gallstones\1Gallstones\a32 (81).jpg,gallstones\1Gallstones\a32 (81).jpg,1200,900,JPEG,,
US_01044,,gallstones\1Gallstones\a32 (82).jpg,gallstones\1Gallstones\a32 (82).jpg,1200,900,JPEG,,
US_01045,,gallstones\1Gallstones\a32 (83).jpg,gallstones\1Gallstones\a32 (83).jpg,1200,900,JPEG,,
US_01046,,gallstones\1Gallstones\a32 (84).jpg,gallstones\1Gallstones\a32 (84).jpg,1200,900,JPEG,,
US_01047,,gallstones\1Gallstones\a32 (85).jpg,gallstones\1Gallstones\a32 (85).jpg,1200,900,JPEG,,
US_01048,,gallstones\1Gallstones\a32 (86).jpg,gallstones\1Gallstones\a32 (86).jpg,1200,900,JPEG,,
US_01049,,gallstones\1Gallstones\a32 (87).jpg,gallstones\1Gallstones\a32 (87).jpg,1200,900,JPEG,,
US_01050,,gallstones\1Gallstones\a32 (88).jpg,gallstones\1Gallstones\a32 (88).jpg,1200,900,JPEG,,
US_01051,,gallstones\1Gallstones\a32 (89).jpg,gallstones\1Gallstones\a32 (89).jpg,1200,900,JPEG,,
US_01052,,gallstones\1Gallstones\a32 (9).jpg,gallstones\1Gallstones\a32 (9).jpg,1200,900,JPEG,,
US_01053,,gallstones\1Gallstones\a32 (90).jpg,gallstones\1Gallstones\a32 (90).jpg,1200,900,JPEG,,
US_01054,,gallstones\1Gallstones\a32 (91).jpg,gallstones\1Gallstones\a32 (91).jpg,1200,900,JPEG,,
US_01055,,gallstones\1Gallstones\a32 (92).jpg,gallstones\1Gallstones\a32 (92).jpg,1200,900,JPEG,,
US_01056,,gallstones\1Gallstones\a32 (93).jpg,gallstones\1Gallstones\a32 (93).jpg,1200,900,JPEG,,
US_01057,,gallstones\1Gallstones\a32 (94).jpg,gallstones\1Gallstones\a32 (94).jpg,1200,900,JPEG,,
US_01058,,gallstones\1Gallstones\a32 (95).jpg,gallstones\1Gallstones\a32 (95).jpg,1200,900,JPEG,,
US_01059,,gallstones\1Gallstones\a32 (96).jpg,gallstones\1Gallstones\a32 (96).jpg,1200,900,JPEG,,
US_01060,,gallstones\1Gallstones\a32 (97).jpg,gallstones\1Gallstones\a32 (97).jpg,1200,900,JPEG,,
US_01061,,gallstones\1Gallstones\a32 (98).jpg,gallstones\1Gallstones\a32 (98).jpg,1200,900,JPEG,,
US_01062,,gallstones\1Gallstones\a32 (99).jpg,gallstones\1Gallstones\a32 (99).jpg,1200,900,JPEG,,
US_01063,,gallstones\1Gallstones\a4 (1).jpg,gallstones\1Gallstones\a4 (1).jpg,1200,900,JPEG,,
US_01064,,gallstones\1Gallstones\a4 (10).jpg,gallstones\1Gallstones\a4 (10).jpg,1200,900,JPEG,,
US_01065,,gallstones\1Gallstones\a4 (11).jpg,gallstones\1Gallstones\a4 (11).jpg,1200,900,JPEG,,
US_01066,,gallstones\1Gallstones\a4 (12).jpg,gallstones\1Gallstones\a4 (12).jpg,1200,900,JPEG,,
US_01067,,gallstones\1Gallstones\a4 (13).jpg,gallstones\1Gallstones\a4 (13).jpg,1200,900,JPEG,,
US_01068,,gallstones\1Gallstones\a4 (14).jpg,gallstones\1Gallstones\a4 (14).jpg,1200,900,JPEG,,
US_01069,,gallstones\1Gallstones\a4 (15).jpg,gallstones\1Gallstones\a4 (15).jpg,1200,900,JPEG,,
US_01070,,gallstones\1Gallstones\a4 (16).jpg,gallstones\1Gallstones\a4 (16).jpg,1200,900,JPEG,,
US_01071,,gallstones\1Gallstones\a4 (17).jpg,gallstones\1Gallstones\a4 (17).jpg,1200,900,JPEG,,
US_01072,,gallstones\1Gallstones\a4 (18).jpg,gallstones\1Gallstones\a4 (18).jpg,1200,900,JPEG,,
US_01073,,gallstones\1Gallstones\a4 (19).jpg,gallstones\1Gallstones\a4 (19).jpg,1200,900,JPEG,,
US_01074,,gallstones\1Gallstones\a4 (2).jpg,gallstones\1Gallstones\a4 (2).jpg,1200,900,JPEG,,
US_01075,,gallstones\1Gallstones\a4 (20).jpg,gallstones\1Gallstones\a4 (20).jpg,1200,900,JPEG,,
US_01076,,gallstones\1Gallstones\a4 (21).jpg,gallstones\1Gallstones\a4 (21).jpg,1200,900,JPEG,,
US_01077,,gallstones\1Gallstones\a4 (22).jpg,gallstones\1Gallstones\a4 (22).jpg,1200,900,JPEG,,
US_01078,,gallstones\1Gallstones\a4 (23).jpg,gallstones\1Gallstones\a4 (23).jpg,1200,900,JPEG,,
US_01079,,gallstones\1Gallstones\a4 (24).jpg,gallstones\1Gallstones\a4 (24).jpg,1200,900,JPEG,,
US_01080,,gallstones\1Gallstones\a4 (3).jpg,gallstones\1Gallstones\a4 (3).jpg,1200,900,JPEG,,
US_01081,,gallstones\1Gallstones\a4 (4).jpg,gallstones\1Gallstones\a4 (4).jpg,1200,900,JPEG,,
US_01082,,gallstones\1Gallstones\a4 (5).jpg,gallstones\1Gallstones\a4 (5).jpg,1200,900,JPEG,,
US_01083,,gallstones\1Gallstones\a4 (6).jpg,gallstones\1Gallstones\a4 (6).jpg,1200,900,JPEG,,
US_01084,,gallstones\1Gallstones\a4 (7).jpg,gallstones\1Gallstones\a4 (7).jpg,1200,900,JPEG,,
US_01085,,gallstones\1Gallstones\a4 (8).jpg,gallstones\1Gallstones\a4 (8).jpg,1200,900,JPEG,,
US_01086,,gallstones\1Gallstones\a4 (9).jpg,gallstones\1Gallstones\a4 (9).jpg,1200,900,JPEG,,
US_01087,,gallstones\1Gallstones\a5 (1).jpg,gallstones\1Gallstones\a5 (1).jpg,1200,900,JPEG,,
US_01088,,gallstones\1Gallstones\a5 (10).jpg,gallstones\1Gallstones\a5 (10).jpg,1200,900,JPEG,,
US_01089,,gallstones\1Gallstones\a5 (11).jpg,gallstones\1Gallstones\a5 (11).jpg,1200,900,JPEG,,
US_01090,,gallstones\1Gallstones\a5 (12).jpg,gallstones\1Gallstones\a5 (12).jpg,1200,900,JPEG,,
US_01091,,gallstones\1Gallstones\a5 (13).jpg,gallstones\1Gallstones\a5 (13).jpg,1200,900,JPEG,,
US_01092,,gallstones\1Gallstones\a5 (14).jpg,gallstones\1Gallstones\a5 (14).jpg,1200,900,JPEG,,
US_01093,,gallstones\1Gallstones\a5 (15).jpg,gallstones\1Gallstones\a5 (15).jpg,1200,900,JPEG,,
US_01094,,gallstones\1Gallstones\a5 (16).jpg,gallstones\1Gallstones\a5 (16).jpg,1200,900,JPEG,,
US_01095,,gallstones\1Gallstones\a5 (17).jpg,gallstones\1Gallstones\a5 (17).jpg,1200,900,JPEG,,
US_01096,,gallstones\1Gallstones\a5 (18).jpg,gallstones\1Gallstones\a5 (18).jpg,1200,900,JPEG,,
US_01097,,gallstones\1Gallstones\a5 (19).jpg,gallstones\1Gallstones\a5 (19).jpg,1200,900,JPEG,,
US_01098,,gallstones\1Gallstones\a5 (2).jpg,gallstones\1Gallstones\a5 (2).jpg,1200,900,JPEG,,
US_01099,,gallstones\1Gallstones\a5 (20).jpg,gallstones\1Gallstones\a5 (20).jpg,1200,900,JPEG,,
US_01100,,gallstones\1Gallstones\a5 (21).jpg,gallstones\1Gallstones\a5 (21).jpg,1200,900,JPEG,,
US_01101,,gallstones\1Gallstones\a5 (22).jpg,gallstones\1Gallstones\a5 (22).jpg,1200,900,JPEG,,
US_01102,,gallstones\1Gallstones\a5 (23).jpg,gallstones\1Gallstones\a5 (23).jpg,1200,900,JPEG,,
US_01103,,gallstones\1Gallstones\a5 (24).jpg,gallstones\1Gallstones\a5 (24).jpg,1200,900,JPEG,,
US_01104,,gallstones\1Gallstones\a5 (3).jpg,gallstones\1Gallstones\a5 (3).jpg,1200,900,JPEG,,
US_01105,,gallstones\1Gallstones\a5 (4).jpg,gallstones\1Gallstones\a5 (4).jpg,1200,900,JPEG,,
US_01106,,gallstones\1Gallstones\a5 (5).jpg,gallstones\1Gallstones\a5 (5).jpg,1200,900,JPEG,,
US_01107,,gallstones\1Gallstones\a5 (6).jpg,gallstones\1Gallstones\a5 (6).jpg,1200,900,JPEG,,
US_01108,,gallstones\1Gallstones\a5 (7).jpg,gallstones\1Gallstones\a5 (7).jpg,1200,900,JPEG,,
US_01109,,gallstones\1Gallstones\a5 (8).jpg,gallstones\1Gallstones\a5 (8).jpg,1200,900,JPEG,,
US_01110,,gallstones\1Gallstones\a5 (9).jpg,gallstones\1Gallstones\a5 (9).jpg,1200,900,JPEG,,
US_01111,,gallstones\1Gallstones\a6 (1).jpg,gallstones\1Gallstones\a6 (1).jpg,1200,900,JPEG,,
US_01112,,gallstones\1Gallstones\a6 (10).jpg,gallstones\1Gallstones\a6 (10).jpg,1200,900,JPEG,,
US_01113,,gallstones\1Gallstones\a6 (11).jpg,gallstones\1Gallstones\a6 (11).jpg,1200,900,JPEG,,
US_01114,,gallstones\1Gallstones\a6 (12).jpg,gallstones\1Gallstones\a6 (12).jpg,1200,900,JPEG,,
US_01115,,gallstones\1Gallstones\a6 (13).jpg,gallstones\1Gallstones\a6 (13).jpg,1200,900,JPEG,,
US_01116,,gallstones\1Gallstones\a6 (14).jpg,gallstones\1Gallstones\a6 (14).jpg,1200,900,JPEG,,
US_01117,,gallstones\1Gallstones\a6 (15).jpg,gallstones\1Gallstones\a6 (15).jpg,1200,900,JPEG,,
US_01118,,gallstones\1Gallstones\a6 (16).jpg,gallstones\1Gallstones\a6 (16).jpg,1200,900,JPEG,,
US_01119,,gallstones\1Gallstones\a6 (17).jpg,gallstones\1Gallstones\a6 (17).jpg,1200,900,JPEG,,
US_01120,,gallstones\1Gallstones\a6 (18).jpg,gallstones\1Gallstones\a6 (18).jpg,1200,900,JPEG,,
US_01121,,gallstones\1Gallstones\a6 (19).jpg,gallstones\1Gallstones\a6 (19).jpg,1200,900,JPEG,,
US_01122,,gallstones\1Gallstones\a6 (2).jpg,gallstones\1Gallstones\a6 (2).jpg,1200,900,JPEG,,
US_01123,,gallstones\1Gallstones\a6 (20).jpg,gallstones\1Gallstones\a6 (20).jpg,1200,900,JPEG,,
US_01124,,gallstones\1Gallstones\a6 (21).jpg,gallstones\1Gallstones\a6 (21).jpg,1200,900,JPEG,,
US_01125,,gallstones\1Gallstones\a6 (22).jpg,gallstones\1Gallstones\a6 (22).jpg,1200,900,JPEG,,
US_01126,,gallstones\1Gallstones\a6 (23).jpg,gallstones\1Gallstones\a6 (23).jpg,1200,900,JPEG,,
US_01127,,gallstones\1Gallstones\a6 (24).jpg,gallstones\1Gallstones\a6 (24).jpg,1200,900,JPEG,,
US_01128,,gallstones\1Gallstones\a6 (25).jpg,gallstones\1Gallstones\a6 (25).jpg,1200,900,JPEG,,
US_01129,,gallstones\1Gallstones\a6 (26).jpg,gallstones\1Gallstones\a6 (26).jpg,1200,900,JPEG,,
US_01130,,gallstones\1Gallstones\a6 (27).jpg,gallstones\1Gallstones\a6 (27).jpg,1200,900,JPEG,,
US_01131,,gallstones\1Gallstones\a6 (28).jpg,gallstones\1Gallstones\a6 (28).jpg,1200,900,JPEG,,
US_01132,,gallstones\1Gallstones\a6 (29).jpg,gallstones\1Gallstones\a6 (29).jpg,1200,900,JPEG,,
US_01133,,gallstones\1Gallstones\a6 (3).jpg,gallstones\1Gallstones\a6 (3).jpg,1200,900,JPEG,,
US_01134,,gallstones\1Gallstones\a6 (30).jpg,gallstones\1Gallstones\a6 (30).jpg,1200,900,JPEG,,
US_01135,,gallstones\1Gallstones\a6 (31).jpg,gallstones\1Gallstones\a6 (31).jpg,1200,900,JPEG,,
US_01136,,gallstones\1Gallstones\a6 (32).jpg,gallstones\1Gallstones\a6 (32).jpg,1200,900,JPEG,,
US_01137,,gallstones\1Gallstones\a6 (33).jpg,gallstones\1Gallstones\a6 (33).jpg,1200,900,JPEG,,
US_01138,,gallstones\1Gallstones\a6 (34).jpg,gallstones\1Gallstones\a6 (34).jpg,1200,900,JPEG,,
US_01139,,gallstones\1Gallstones\a6 (35).jpg,gallstones\1Gallstones\a6 (35).jpg,1200,900,JPEG,,
US_01140,,gallstones\1Gallstones\a6 (36).jpg,gallstones\1Gallstones\a6 (36).jpg,1200,900,JPEG,,
US_01141,,gallstones\1Gallstones\a6 (37).jpg,gallstones\1Gallstones\a6 (37).jpg,1200,900,JPEG,,
US_01142,,gallstones\1Gallstones\a6 (38).jpg,gallstones\1Gallstones\a6 (38).jpg,1200,900,JPEG,,
US_01143,,gallstones\1Gallstones\a6 (39).jpg,gallstones\1Gallstones\a6 (39).jpg,1200,900,JPEG,,
US_01144,,gallstones\1Gallstones\a6 (4).jpg,gallstones\1Gallstones\a6 (4).jpg,1200,900,JPEG,,
US_01145,,gallstones\1Gallstones\a6 (40).jpg,gallstones\1Gallstones\a6 (40).jpg,1200,900,JPEG,,
US_01146,,gallstones\1Gallstones\a6 (41).jpg,gallstones\1Gallstones\a6 (41).jpg,1200,900,JPEG,,
US_01147,,gallstones\1Gallstones\a6 (42).jpg,gallstones\1Gallstones\a6 (42).jpg,1200,900,JPEG,,
US_01148,,gallstones\1Gallstones\a6 (43).jpg,gallstones\1Gallstones\a6 (43).jpg,1200,900,JPEG,,
US_01149,,gallstones\1Gallstones\a6 (44).jpg,gallstones\1Gallstones\a6 (44).jpg,1200,900,JPEG,,
US_01150,,gallstones\1Gallstones\a6 (45).jpg,gallstones\1Gallstones\a6 (45).jpg,1200,900,JPEG,,
US_01151,,gallstones\1Gallstones\a6 (46).jpg,gallstones\1Gallstones\a6 (46).jpg,1200,900,JPEG,,
US_01152,,gallstones\1Gallstones\a6 (47).jpg,gallstones\1Gallstones\a6 (47).jpg,1200,900,JPEG,,
US_01153,,gallstones\1Gallstones\a6 (48).jpg,gallstones\1Gallstones\a6 (48).jpg,1200,900,JPEG,,
US_01154,,gallstones\1Gallstones\a6 (5).jpg,gallstones\1Gallstones\a6 (5).jpg,1200,900,JPEG,,
US_01155,,gallstones\1Gallstones\a6 (6).jpg,gallstones\1Gallstones\a6 (6).jpg,1200,900,JPEG,,
US_01156,,gallstones\1Gallstones\a6 (7).jpg,gallstones\1Gallstones\a6 (7).jpg,1200,900,JPEG,,
US_01157,,gallstones\1Gallstones\a6 (8).jpg,gallstones\1Gallstones\a6 (8).jpg,1200,900,JPEG,,
US_01158,,gallstones\1Gallstones\a6 (9).jpg,gallstones\1Gallstones\a6 (9).jpg,1200,900,JPEG,,
US_01159,,gallstones\1Gallstones\a7 (1).jpg,gallstones\1Gallstones\a7 (1).jpg,1200,900,JPEG,,
US_01160,,gallstones\1Gallstones\a7 (10).jpg,gallstones\1Gallstones\a7 (10).jpg,1200,900,JPEG,,
US_01161,,gallstones\1Gallstones\a7 (11).jpg,gallstones\1Gallstones\a7 (11).jpg,1200,900,JPEG,,
US_01162,,gallstones\1Gallstones\a7 (12).jpg,gallstones\1Gallstones\a7 (12).jpg,1200,900,JPEG,,
US_01163,,gallstones\1Gallstones\a7 (13).jpg,gallstones\1Gallstones\a7 (13).jpg,1200,900,JPEG,,
US_01164,,gallstones\1Gallstones\a7 (14).jpg,gallstones\1Gallstones\a7 (14).jpg,1200,900,JPEG,,
US_01165,,gallstones\1Gallstones\a7 (15).jpg,gallstones\1Gallstones\a7 (15).jpg,1200,900,JPEG,,
US_01166,,gallstones\1Gallstones\a7 (16).jpg,gallstones\1Gallstones\a7 (16).jpg,1200,900,JPEG,,
US_01167,,gallstones\1Gallstones\a7 (17).jpg,gallstones\1Gallstones\a7 (17).jpg,1200,900,JPEG,,
US_01168,,gallstones\1Gallstones\a7 (18).jpg,gallstones\1Gallstones\a7 (18).jpg,1200,900,JPEG,,
US_01169,,gallstones\1Gallstones\a7 (19).jpg,gallstones\1Gallstones\a7 (19).jpg,1200,900,JPEG,,
US_01170,,gallstones\1Gallstones\a7 (2).jpg,gallstones\1Gallstones\a7 (2).jpg,1200,900,JPEG,,
US_01171,,gallstones\1Gallstones\a7 (20).jpg,gallstones\1Gallstones\a7 (20).jpg,1200,900,JPEG,,
US_01172,,gallstones\1Gallstones\a7 (21).jpg,gallstones\1Gallstones\a7 (21).jpg,1200,900,JPEG,,
US_01173,,gallstones\1Gallstones\a7 (22).jpg,gallstones\1Gallstones\a7 (22).jpg,1200,900,JPEG,,
US_01174,,gallstones\1Gallstones\a7 (23).jpg,gallstones\1Gallstones\a7 (23).jpg,1200,900,JPEG,,
US_01175,,gallstones\1Gallstones\a7 (24).jpg,gallstones\1Gallstones\a7 (24).jpg,1200,900,JPEG,,
US_01176,,gallstones\1Gallstones\a7 (25).jpg,gallstones\1Gallstones\a7 (25).jpg,1200,900,JPEG,,
US_01177,,gallstones\1Gallstones\a7 (26).jpg,gallstones\1Gallstones\a7 (26).jpg,1200,900,JPEG,,
US_01178,,gallstones\1Gallstones\a7 (27).jpg,gallstones\1Gallstones\a7 (27).jpg,1200,900,JPEG,,
US_01179,,gallstones\1Gallstones\a7 (28).jpg,gallstones\1Gallstones\a7 (28).jpg,1200,900,JPEG,,
US_01180,,gallstones\1Gallstones\a7 (29).jpg,gallstones\1Gallstones\a7 (29).jpg,1200,900,JPEG,,
US_01181,,gallstones\1Gallstones\a7 (3).jpg,gallstones\1Gallstones\a7 (3).jpg,1200,900,JPEG,,
US_01182,,gallstones\1Gallstones\a7 (30).jpg,gallstones\1Gallstones\a7 (30).jpg,1200,900,JPEG,,
US_01183,,gallstones\1Gallstones\a7 (31).jpg,gallstones\1Gallstones\a7 (31).jpg,1200,900,JPEG,,
US_01184,,gallstones\1Gallstones\a7 (32).jpg,gallstones\1Gallstones\a7 (32).jpg,1200,900,JPEG,,
US_01185,,gallstones\1Gallstones\a7 (33).jpg,gallstones\1Gallstones\a7 (33).jpg,1200,900,JPEG,,
US_01186,,gallstones\1Gallstones\a7 (34).jpg,gallstones\1Gallstones\a7 (34).jpg,1200,900,JPEG,,
US_01187,,gallstones\1Gallstones\a7 (35).jpg,gallstones\1Gallstones\a7 (35).jpg,1200,900,JPEG,,
US_01188,,gallstones\1Gallstones\a7 (36).jpg,gallstones\1Gallstones\a7 (36).jpg,1200,900,JPEG,,
US_01189,,gallstones\1Gallstones\a7 (37).jpg,gallstones\1Gallstones\a7 (37).jpg,1200,900,JPEG,,
US_01190,,gallstones\1Gallstones\a7 (38).jpg,gallstones\1Gallstones\a7 (38).jpg,1200,900,JPEG,,
US_01191,,gallstones\1Gallstones\a7 (39).jpg,gallstones\1Gallstones\a7 (39).jpg,1200,900,JPEG,,
US_01192,,gallstones\1Gallstones\a7 (4).jpg,gallstones\1Gallstones\a7 (4).jpg,1200,900,JPEG,,
US_01193,,gallstones\1Gallstones\a7 (40).jpg,gallstones\1Gallstones\a7 (40).jpg,1200,900,JPEG,,
US_01194,,gallstones\1Gallstones\a7 (41).jpg,gallstones\1Gallstones\a7 (41).jpg,1200,900,JPEG,,
US_01195,,gallstones\1Gallstones\a7 (42).jpg,gallstones\1Gallstones\a7 (42).jpg,1200,900,JPEG,,
US_01196,,gallstones\1Gallstones\a7 (5).jpg,gallstones\1Gallstones\a7 (5).jpg,1200,900,JPEG,,
US_01197,,gallstones\1Gallstones\a7 (6).jpg,gallstones\1Gallstones\a7 (6).jpg,1200,900,JPEG,,
US_01198,,gallstones\1Gallstones\a7 (7).jpg,gallstones\1Gallstones\a7 (7).jpg,1200,900,JPEG,,
US_01199,,gallstones\1Gallstones\a7 (8).jpg,gallstones\1Gallstones\a7 (8).jpg,1200,900,JPEG,,
US_01200,,gallstones\1Gallstones\a7 (9).jpg,gallstones\1Gallstones\a7 (9).jpg,1200,900,JPEG,,
US_01201,,gallstones\1Gallstones\a8 (1).jpg,gallstones\1Gallstones\a8 (1).jpg,1200,900,JPEG,,
US_01202,,gallstones\1Gallstones\a8 (10).jpg,gallstones\1Gallstones\a8 (10).jpg,1200,900,JPEG,,
US_01203,,gallstones\1Gallstones\a8 (11).jpg,gallstones\1Gallstones\a8 (11).jpg,1200,900,JPEG,,
US_01204,,gallstones\1Gallstones\a8 (12).jpg,gallstones\1Gallstones\a8 (12).jpg,1200,900,JPEG,,
US_01205,,gallstones\1Gallstones\a8 (13).jpg,gallstones\1Gallstones\a8 (13).jpg,1200,900,JPEG,,
US_01206,,gallstones\1Gallstones\a8 (14).jpg,gallstones\1Gallstones\a8 (14).jpg,1200,900,JPEG,,
US_01207,,gallstones\1Gallstones\a8 (15).jpg,gallstones\1Gallstones\a8 (15).jpg,1200,900,JPEG,,
US_01208,,gallstones\1Gallstones\a8 (16).jpg,gallstones\1Gallstones\a8 (16).jpg,1200,900,JPEG,,
US_01209,,gallstones\1Gallstones\a8 (17).jpg,gallstones\1Gallstones\a8 (17).jpg,1200,900,JPEG,,
US_01210,,gallstones\1Gallstones\a8 (18).jpg,gallstones\1Gallstones\a8 (18).jpg,1200,900,JPEG,,
US_01211,,gallstones\1Gallstones\a8 (19).jpg,gallstones\1Gallstones\a8 (19).jpg,1200,900,JPEG,,
US_01212,,gallstones\1Gallstones\a8 (2).jpg,gallstones\1Gallstones\a8 (2).jpg,1200,900,JPEG,,
US_01213,,gallstones\1Gallstones\a8 (20).jpg,gallstones\1Gallstones\a8 (20).jpg,1200,900,JPEG,,
US_01214,,gallstones\1Gallstones\a8 (21).jpg,gallstones\1Gallstones\a8 (21).jpg,1200,900,JPEG,,
US_01215,,gallstones\1Gallstones\a8 (22).jpg,gallstones\1Gallstones\a8 (22).jpg,1200,900,JPEG,,
US_01216,,gallstones\1Gallstones\a8 (23).jpg,gallstones\1Gallstones\a8 (23).jpg,1200,900,JPEG,,
US_01217,,gallstones\1Gallstones\a8 (24).jpg,gallstones\1Gallstones\a8 (24).jpg,1200,900,JPEG,,
US_01218,,gallstones\1Gallstones\a8 (25).jpg,gallstones\1Gallstones\a8 (25).jpg,1200,900,JPEG,,
US_01219,,gallstones\1Gallstones\a8 (26).jpg,gallstones\1Gallstones\a8 (26).jpg,1200,900,JPEG,,
US_01220,,gallstones\1Gallstones\a8 (27).jpg,gallstones\1Gallstones\a8 (27).jpg,1200,900,JPEG,,
US_01221,,gallstones\1Gallstones\a8 (28).jpg,gallstones\1Gallstones\a8 (28).jpg,1200,900,JPEG,,
US_01222,,gallstones\1Gallstones\a8 (29).jpg,gallstones\1Gallstones\a8 (29).jpg,1200,900,JPEG,,
US_01223,,gallstones\1Gallstones\a8 (3).jpg,gallstones\1Gallstones\a8 (3).jpg,1200,900,JPEG,,
US_01224,,gallstones\1Gallstones\a8 (30).jpg,gallstones\1Gallstones\a8 (30).jpg,1200,900,JPEG,,
US_01225,,gallstones\1Gallstones\a8 (31).jpg,gallstones\1Gallstones\a8 (31).jpg,1200,900,JPEG,,
US_01226,,gallstones\1Gallstones\a8 (32).jpg,gallstones\1Gallstones\a8 (32).jpg,1200,900,JPEG,,
US_01227,,gallstones\1Gallstones\a8 (33).jpg,gallstones\1Gallstones\a8 (33).jpg,1200,900,JPEG,,
US_01228,,gallstones\1Gallstones\a8 (34).jpg,gallstones\1Gallstones\a8 (34).jpg,1200,900,JPEG,,
US_01229,,gallstones\1Gallstones\a8 (35).jpg,gallstones\1Gallstones\a8 (35).jpg,1200,900,JPEG,,
US_01230,,gallstones\1Gallstones\a8 (36).jpg,gallstones\1Gallstones\a8 (36).jpg,1200,900,JPEG,,
US_01231,,gallstones\1Gallstones\a8 (37).jpg,gallstones\1Gallstones\a8 (37).jpg,1200,900,JPEG,,
US_01232,,gallstones\1Gallstones\a8 (38).jpg,gallstones\1Gallstones\a8 (38).jpg,1200,900,JPEG,,
US_01233,,gallstones\1Gallstones\a8 (39).jpg,gallstones\1Gallstones\a8 (39).jpg,1200,900,JPEG,,
US_01234,,gallstones\1Gallstones\a8 (4).jpg,gallstones\1Gallstones\a8 (4).jpg,1200,900,JPEG,,
US_01235,,gallstones\1Gallstones\a8 (40).jpg,gallstones\1Gallstones\a8 (40).jpg,1200,900,JPEG,,
US_01236,,gallstones\1Gallstones\a8 (41).jpg,gallstones\1Gallstones\a8 (41).jpg,1200,900,JPEG,,
US_01237,,gallstones\1Gallstones\a8 (42).jpg,gallstones\1Gallstones\a8 (42).jpg,1200,900,JPEG,,
US_01238,,gallstones\1Gallstones\a8 (43).jpg,gallstones\1Gallstones\a8 (43).jpg,1200,900,JPEG,,
US_01239,,gallstones\1Gallstones\a8 (44).jpg,gallstones\1Gallstones\a8 (44).jpg,1200,900,JPEG,,
US_01240,,gallstones\1Gallstones\a8 (45).jpg,gallstones\1Gallstones\a8 (45).jpg,1200,900,JPEG,,
US_01241,,gallstones\1Gallstones\a8 (46).jpg,gallstones\1Gallstones\a8 (46).jpg,1200,900,JPEG,,
US_01242,,gallstones\1Gallstones\a8 (47).jpg,gallstones\1Gallstones\a8 (47).jpg,1200,900,JPEG,,
US_01243,,gallstones\1Gallstones\a8 (48).jpg,gallstones\1Gallstones\a8 (48).jpg,1200,900,JPEG,,
US_01244,,gallstones\1Gallstones\a8 (49).jpg,gallstones\1Gallstones\a8 (49).jpg,1200,900,JPEG,,
US_01245,,gallstones\1Gallstones\a8 (5).jpg,gallstones\1Gallstones\a8 (5).jpg,1200,900,JPEG,,
US_01246,,gallstones\1Gallstones\a8 (50).jpg,gallstones\1Gallstones\a8 (50).jpg,1200,900,JPEG,,
US_01247,,gallstones\1Gallstones\a8 (51).jpg,gallstones\1Gallstones\a8 (51).jpg,1200,900,JPEG,,
US_01248,,gallstones\1Gallstones\a8 (52).jpg,gallstones\1Gallstones\a8 (52).jpg,1200,900,JPEG,,
US_01249,,gallstones\1Gallstones\a8 (53).jpg,gallstones\1Gallstones\a8 (53).jpg,1200,900,JPEG,,
US_01250,,gallstones\1Gallstones\a8 (54).jpg,gallstones\1Gallstones\a8 (54).jpg,1200,900,JPEG,,
US_01251,,gallstones\1Gallstones\a8 (6).jpg,gallstones\1Gallstones\a8 (6).jpg,1200,900,JPEG,,
US_01252,,gallstones\1Gallstones\a8 (7).jpg,gallstones\1Gallstones\a8 (7).jpg,1200,900,JPEG,,
US_01253,,gallstones\1Gallstones\a8 (8).jpg,gallstones\1Gallstones\a8 (8).jpg,1200,900,JPEG,,
US_01254,,gallstones\1Gallstones\a8 (9).jpg,gallstones\1Gallstones\a8 (9).jpg,1200,900,JPEG,,
US_01255,,gallstones\1Gallstones\a9 (1).jpg,gallstones\1Gallstones\a9 (1).jpg,1200,900,JPEG,,
US_01256,,gallstones\1Gallstones\a9 (10).jpg,gallstones\1Gallstones\a9 (10).jpg,1200,900,JPEG,,
US_01257,,gallstones\1Gallstones\a9 (11).jpg,gallstones\1Gallstones\a9 (11).jpg,1200,900,JPEG,,
US_01258,,gallstones\1Gallstones\a9 (12).jpg,gallstones\1Gallstones\a9 (12).jpg,1200,900,JPEG,,
US_01259,,gallstones\1Gallstones\a9 (13).jpg,gallstones\1Gallstones\a9 (13).jpg,1200,900,JPEG,,
US_01260,,gallstones\1Gallstones\a9 (14).jpg,gallstones\1Gallstones\a9 (14).jpg,1200,900,JPEG,,
US_01261,,gallstones\1Gallstones\a9 (15).jpg,gallstones\1Gallstones\a9 (15).jpg,1200,900,JPEG,,
US_01262,,gallstones\1Gallstones\a9 (16).jpg,gallstones\1Gallstones\a9 (16).jpg,1200,900,JPEG,,
US_01263,,gallstones\1Gallstones\a9 (17).jpg,gallstones\1Gallstones\a9 (17).jpg,1200,900,JPEG,,
US_01264,,gallstones\1Gallstones\a9 (18).jpg,gallstones\1Gallstones\a9 (18).jpg,1200,900,JPEG,,
US_01265,,gallstones\1Gallstones\a9 (19).jpg,gallstones\1Gallstones\a9 (19).jpg,1200,900,JPEG,,
US_01266,,gallstones\1Gallstones\a9 (2).jpg,gallstones\1Gallstones\a9 (2).jpg,1200,900,JPEG,,
US_01267,,gallstones\1Gallstones\a9 (20).jpg,gallstones\1Gallstones\a9 (20).jpg,1200,900,JPEG,,
US_01268,,gallstones\1Gallstones\a9 (21).jpg,gallstones\1Gallstones\a9 (21).jpg,1200,900,JPEG,,
US_01269,,gallstones\1Gallstones\a9 (22).jpg,gallstones\1Gallstones\a9 (22).jpg,1200,900,JPEG,,
US_01270,,gallstones\1Gallstones\a9 (23).jpg,gallstones\1Gallstones\a9 (23).jpg,1200,900,JPEG,,
US_01271,,gallstones\1Gallstones\a9 (24).jpg,gallstones\1Gallstones\a9 (24).jpg,1200,900,JPEG,,
US_01272,,gallstones\1Gallstones\a9 (25).jpg,gallstones\1Gallstones\a9 (25).jpg,1200,900,JPEG,,
US_01273,,gallstones\1Gallstones\a9 (26).jpg,gallstones\1Gallstones\a9 (26).jpg,1200,900,JPEG,,
US_01274,,gallstones\1Gallstones\a9 (27).jpg,gallstones\1Gallstones\a9 (27).jpg,1200,900,JPEG,,
US_01275,,gallstones\1Gallstones\a9 (28).jpg,gallstones\1Gallstones\a9 (28).jpg,1200,900,JPEG,,
US_01276,,gallstones\1Gallstones\a9 (29).jpg,gallstones\1Gallstones\a9 (29).jpg,1200,900,JPEG,,
US_01277,,gallstones\1Gallstones\a9 (3).jpg,gallstones\1Gallstones\a9 (3).jpg,1200,900,JPEG,,
US_01278,,gallstones\1Gallstones\a9 (30).jpg,gallstones\1Gallstones\a9 (30).jpg,1200,900,JPEG,,
US_01279,,gallstones\1Gallstones\a9 (31).jpg,gallstones\1Gallstones\a9 (31).jpg,1200,900,JPEG,,
US_01280,,gallstones\1Gallstones\a9 (32).jpg,gallstones\1Gallstones\a9 (32).jpg,1200,900,JPEG,,
US_01281,,gallstones\1Gallstones\a9 (33).jpg,gallstones\1Gallstones\a9 (33).jpg,1200,900,JPEG,,
US_01282,,gallstones\1Gallstones\a9 (34).jpg,gallstones\1Gallstones\a9 (34).jpg,1200,900,JPEG,,
US_01283,,gallstones\1Gallstones\a9 (35).jpg,gallstones\1Gallstones\a9 (35).jpg,1200,900,JPEG,,
US_01284,,gallstones\1Gallstones\a9 (36).jpg,gallstones\1Gallstones\a9 (36).jpg,1200,900,JPEG,,
US_01285,,gallstones\1Gallstones\a9 (37).jpg,gallstones\1Gallstones\a9 (37).jpg,1200,900,JPEG,,
US_01286,,gallstones\1Gallstones\a9 (38).jpg,gallstones\1Gallstones\a9 (38).jpg,1200,900,JPEG,,
US_01287,,gallstones\1Gallstones\a9 (39).jpg,gallstones\1Gallstones\a9 (39).jpg,1200,900,JPEG,,
US_01288,,gallstones\1Gallstones\a9 (4).jpg,gallstones\1Gallstones\a9 (4).jpg,1200,900,JPEG,,
US_01289,,gallstones\1Gallstones\a9 (40).jpg,gallstones\1Gallstones\a9 (40).jpg,1200,900,JPEG,,
US_01290,,gallstones\1Gallstones\a9 (41).jpg,gallstones\1Gallstones\a9 (41).jpg,1200,900,JPEG,,
US_01291,,gallstones\1Gallstones\a9 (42).jpg,gallstones\1Gallstones\a9 (42).jpg,1200,900,JPEG,,
US_01292,,gallstones\1Gallstones\a9 (43).jpg,gallstones\1Gallstones\a9 (43).jpg,1200,900,JPEG,,
US_01293,,gallstones\1Gallstones\a9 (44).jpg,gallstones\1Gallstones\a9 (44).jpg,1200,900,JPEG,,
US_01294,,gallstones\1Gallstones\a9 (45).jpg,gallstones\1Gallstones\a9 (45).jpg,1200,900,JPEG,,
US_01295,,gallstones\1Gallstones\a9 (46).jpg,gallstones\1Gallstones\a9 (46).jpg,1200,900,JPEG,,
US_01296,,gallstones\1Gallstones\a9 (47).jpg,gallstones\1Gallstones\a9 (47).jpg,1200,900,JPEG,,
US_01297,,gallstones\1Gallstones\a9 (48).jpg,gallstones\1Gallstones\a9 (48).jpg,1200,900,JPEG,,
US_01298,,gallstones\1Gallstones\a9 (49).jpg,gallstones\1Gallstones\a9 (49).jpg,1200,900,JPEG,,
US_01299,,gallstones\1Gallstones\a9 (5).jpg,gallstones\1Gallstones\a9 (5).jpg,1200,900,JPEG,,
US_01300,,gallstones\1Gallstones\a9 (50).jpg,gallstones\1Gallstones\a9 (50).jpg,1200,900,JPEG,,
US_01301,,gallstones\1Gallstones\a9 (51).jpg,gallstones\1Gallstones\a9 (51).jpg,1200,900,JPEG,,
US_01302,,gallstones\1Gallstones\a9 (52).jpg,gallstones\1Gallstones\a9 (52).jpg,1200,900,JPEG,,
US_01303,,gallstones\1Gallstones\a9 (53).jpg,gallstones\1Gallstones\a9 (53).jpg,1200,900,JPEG,,
US_01304,,gallstones\1Gallstones\a9 (54).jpg,gallstones\1Gallstones\a9 (54).jpg,1200,900,JPEG,,
US_01305,,gallstones\1Gallstones\a9 (55).jpg,gallstones\1Gallstones\a9 (55).jpg,1200,900,JPEG,,
US_01306,,gallstones\1Gallstones\a9 (56).jpg,gallstones\1Gallstones\a9 (56).jpg,1200,900,JPEG,,
US_01307,,gallstones\1Gallstones\a9 (57).jpg,gallstones\1Gallstones\a9 (57).jpg,1200,900,JPEG,,
US_01308,,gallstones\1Gallstones\a9 (58).jpg,gallstones\1Gallstones\a9 (58).jpg,1200,900,JPEG,,
US_01309,,gallstones\1Gallstones\a9 (59).jpg,gallstones\1Gallstones\a9 (59).jpg,1200,900,JPEG,,
US_01310,,gallstones\1Gallstones\a9 (6).jpg,gallstones\1Gallstones\a9 (6).jpg,1200,900,JPEG,,
US_01311,,gallstones\1Gallstones\a9 (60).jpg,gallstones\1Gallstones\a9 (60).jpg,1200,900,JPEG,,
US_01312,,gallstones\1Gallstones\a9 (61).jpg,gallstones\1Gallstones\a9 (61).jpg,1200,900,JPEG,,
US_01313,,gallstones\1Gallstones\a9 (62).jpg,gallstones\1Gallstones\a9 (62).jpg,1200,900,JPEG,,
US_01314,,gallstones\1Gallstones\a9 (63).jpg,gallstones\1Gallstones\a9 (63).jpg,1200,900,JPEG,,
US_01315,,gallstones\1Gallstones\a9 (64).jpg,gallstones\1Gallstones\a9 (64).jpg,1200,900,JPEG,,
US_01316,,gallstones\1Gallstones\a9 (65).jpg,gallstones\1Gallstones\a9 (65).jpg,1200,900,JPEG,,
US_01317,,gallstones\1Gallstones\a9 (66).jpg,gallstones\1Gallstones\a9 (66).jpg,1200,900,JPEG,,
US_01318,,gallstones\1Gallstones\a9 (67).jpg,gallstones\1Gallstones\a9 (67).jpg,1200,900,JPEG,,
US_01319,,gallstones\1Gallstones\a9 (68).jpg,gallstones\1Gallstones\a9 (68).jpg,1200,900,JPEG,,
US_01320,,gallstones\1Gallstones\a9 (69).jpg,gallstones\1Gallstones\a9 (69).jpg,1200,900,JPEG,,
US_01321,,gallstones\1Gallstones\a9 (7).jpg,gallstones\1Gallstones\a9 (7).jpg,1200,900,JPEG,,
US_01322,,gallstones\1Gallstones\a9 (70).jpg,gallstones\1Gallstones\a9 (70).jpg,1200,900,JPEG,,
US_01323,,gallstones\1Gallstones\a9 (71).jpg,gallstones\1Gallstones\a9 (71).jpg,1200,900,JPEG,,
US_01324,,gallstones\1Gallstones\a9 (72).jpg,gallstones\1Gallstones\a9 (72).jpg,1200,900,JPEG,,
US_01325,,gallstones\1Gallstones\a9 (8).jpg,gallstones\1Gallstones\a9 (8).jpg,1200,900,JPEG,,
US_01326,,gallstones\1Gallstones\a9 (9).jpg,gallstones\1Gallstones\a9 (9).jpg,1200,900,JPEG,,
